script,variant,feature_set,target,subject_id,mae_min,trained
v0011,best_model,EMG,lt1,S002,3.5538,0
v0011,best_model,EMG,lt1,S003,3.1092,1
v0011,best_model,EMG,lt1,S004,2.5549,0
v0011,best_model,EMG,lt1,S006,1.3247,0
v0011,best_model,EMG,lt1,S008,1.8773,0
v0011,best_model,EMG,lt1,S009,5.0145,1
v0011,best_model,EMG,lt1,S010,2.4233,1
v0011,best_model,EMG,lt1,S011,2.1991,0
v0011,best_model,EMG,lt1,S013,1.5619,1
v0011,best_model,EMG,lt1,S014,2.0155,0
v0011,best_model,EMG,lt1,S016,2.2665,0
v0011,best_model,EMG,lt1,S017,1.8822,1
v0011,best_model,EMG,lt1,S018,1.6032,0
v0011,best_model,EMG,lt1,S019,3.0556,1
v0011,best_model,EMG,lt2,S001,3.8676,0
v0011,best_model,EMG,lt2,S002,1.0812,0
v0011,best_model,EMG,lt2,S003,3.1135,1
v0011,best_model,EMG,lt2,S004,2.4195,0
v0011,best_model,EMG,lt2,S005,5.0199,0
v0011,best_model,EMG,lt2,S006,1.6431,0
v0011,best_model,EMG,lt2,S007,4.5084,0
v0011,best_model,EMG,lt2,S008,1.2292,0
v0011,best_model,EMG,lt2,S009,6.0498,1
v0011,best_model,EMG,lt2,S010,3.41,1
v0011,best_model,EMG,lt2,S011,2.1099,0
v0011,best_model,EMG,lt2,S012,1.4868,0
v0011,best_model,EMG,lt2,S013,1.7428,1
v0011,best_model,EMG,lt2,S014,1.9011,0
v0011,best_model,EMG,lt2,S015,5.2956,0
v0011,best_model,EMG,lt2,S016,1.4029,0
v0011,best_model,EMG,lt2,S017,1.37,1
v0011,best_model,EMG,lt2,S018,2.7345,0
v0011,best_model,EMG,lt2,S019,2.8421,1
v0011,best_model,EMG+NIRS,lt1,S002,2.3741,0
v0011,best_model,EMG+NIRS,lt1,S003,2.4124,1
v0011,best_model,EMG+NIRS,lt1,S004,2.7805,0
v0011,best_model,EMG+NIRS,lt1,S006,1.3958,0
v0011,best_model,EMG+NIRS,lt1,S008,2.5429,0
v0011,best_model,EMG+NIRS,lt1,S009,3.821,1
v0011,best_model,EMG+NIRS,lt1,S010,2.7909,1
v0011,best_model,EMG+NIRS,lt1,S011,1.8058,0
v0011,best_model,EMG+NIRS,lt1,S013,1.6164,1
v0011,best_model,EMG+NIRS,lt1,S014,1.6496,0
v0011,best_model,EMG+NIRS,lt1,S016,1.7226,0
v0011,best_model,EMG+NIRS,lt1,S017,1.5791,1
v0011,best_model,EMG+NIRS,lt1,S018,1.8973,0
v0011,best_model,EMG+NIRS,lt1,S019,2.5163,1
v0011,best_model,EMG+NIRS,lt2,S001,3.2049,0
v0011,best_model,EMG+NIRS,lt2,S002,1.3844,0
v0011,best_model,EMG+NIRS,lt2,S003,2.0183,1
v0011,best_model,EMG+NIRS,lt2,S004,2.3107,0
v0011,best_model,EMG+NIRS,lt2,S005,5.4254,0
v0011,best_model,EMG+NIRS,lt2,S006,1.6424,0
v0011,best_model,EMG+NIRS,lt2,S007,3.3464,0
v0011,best_model,EMG+NIRS,lt2,S008,1.6052,0
v0011,best_model,EMG+NIRS,lt2,S009,6.4906,1
v0011,best_model,EMG+NIRS,lt2,S010,2.6194,1
v0011,best_model,EMG+NIRS,lt2,S011,1.5801,0
v0011,best_model,EMG+NIRS,lt2,S012,1.3261,0
v0011,best_model,EMG+NIRS,lt2,S013,1.8095,1
v0011,best_model,EMG+NIRS,lt2,S014,1.3102,0
v0011,best_model,EMG+NIRS,lt2,S015,4.4286,0
v0011,best_model,EMG+NIRS,lt2,S016,0.7716,0
v0011,best_model,EMG+NIRS,lt2,S017,1.3147,1
v0011,best_model,EMG+NIRS,lt2,S018,2.4106,0
v0011,best_model,EMG+NIRS,lt2,S019,3.1673,1
v0011,best_model,EMG+NIRS+HRV,lt1,S002,2.1126,0
v0011,best_model,EMG+NIRS+HRV,lt1,S003,3.3748,1
v0011,best_model,EMG+NIRS+HRV,lt1,S004,1.7811,0
v0011,best_model,EMG+NIRS+HRV,lt1,S006,1.2351,0
v0011,best_model,EMG+NIRS+HRV,lt1,S008,2.385,0
v0011,best_model,EMG+NIRS+HRV,lt1,S009,2.6675,1
v0011,best_model,EMG+NIRS+HRV,lt1,S010,1.7508,1
v0011,best_model,EMG+NIRS+HRV,lt1,S011,1.5769,0
v0011,best_model,EMG+NIRS+HRV,lt1,S013,1.6992,1
v0011,best_model,EMG+NIRS+HRV,lt1,S014,1.0446,0
v0011,best_model,EMG+NIRS+HRV,lt1,S016,1.0651,0
v0011,best_model,EMG+NIRS+HRV,lt1,S017,1.2922,1
v0011,best_model,EMG+NIRS+HRV,lt1,S018,2.5741,0
v0011,best_model,EMG+NIRS+HRV,lt1,S019,1.8061,1
v0011,best_model,EMG+NIRS+HRV,lt2,S001,0.7127,0
v0011,best_model,EMG+NIRS+HRV,lt2,S002,1.5071,0
v0011,best_model,EMG+NIRS+HRV,lt2,S003,3.834,1
v0011,best_model,EMG+NIRS+HRV,lt2,S004,1.6278,0
v0011,best_model,EMG+NIRS+HRV,lt2,S005,1.6476,0
v0011,best_model,EMG+NIRS+HRV,lt2,S006,0.7198,0
v0011,best_model,EMG+NIRS+HRV,lt2,S007,0.9643,0
v0011,best_model,EMG+NIRS+HRV,lt2,S008,1.3246,0
v0011,best_model,EMG+NIRS+HRV,lt2,S009,2.2839,1
v0011,best_model,EMG+NIRS+HRV,lt2,S010,1.8028,1
v0011,best_model,EMG+NIRS+HRV,lt2,S011,1.6549,0
v0011,best_model,EMG+NIRS+HRV,lt2,S012,1.4308,0
v0011,best_model,EMG+NIRS+HRV,lt2,S013,1.8326,1
v0011,best_model,EMG+NIRS+HRV,lt2,S014,0.6774,0
v0011,best_model,EMG+NIRS+HRV,lt2,S015,3.1637,0
v0011,best_model,EMG+NIRS+HRV,lt2,S016,1.4543,0
v0011,best_model,EMG+NIRS+HRV,lt2,S017,0.8254,1
v0011,best_model,EMG+NIRS+HRV,lt2,S018,2.0346,0
v0011,best_model,EMG+NIRS+HRV,lt2,S019,1.0012,1
v0011,best_model,HRV,lt1,S002,1.3014,0
v0011,best_model,HRV,lt1,S003,3.8259,1
v0011,best_model,HRV,lt1,S004,1.338,0
v0011,best_model,HRV,lt1,S006,1.2933,0
v0011,best_model,HRV,lt1,S008,2.3764,0
v0011,best_model,HRV,lt1,S009,3.2421,1
v0011,best_model,HRV,lt1,S010,2.4682,1
v0011,best_model,HRV,lt1,S011,1.0377,0
v0011,best_model,HRV,lt1,S013,2.0605,1
v0011,best_model,HRV,lt1,S014,1.9297,0
v0011,best_model,HRV,lt1,S016,0.989,0
v0011,best_model,HRV,lt1,S017,1.5376,1
v0011,best_model,HRV,lt1,S018,3.7894,0
v0011,best_model,HRV,lt1,S019,1.4324,1
v0011,best_model,HRV,lt2,S001,1.7572,0
v0011,best_model,HRV,lt2,S002,1.5831,0
v0011,best_model,HRV,lt2,S003,3.4708,1
v0011,best_model,HRV,lt2,S004,1.6383,0
v0011,best_model,HRV,lt2,S005,2.4956,0
v0011,best_model,HRV,lt2,S006,0.6526,0
v0011,best_model,HRV,lt2,S007,0.9015,0
v0011,best_model,HRV,lt2,S008,1.2771,0
v0011,best_model,HRV,lt2,S009,1.4212,1
v0011,best_model,HRV,lt2,S010,3.6623,1
v0011,best_model,HRV,lt2,S011,1.4229,0
v0011,best_model,HRV,lt2,S012,1.3461,0
v0011,best_model,HRV,lt2,S013,1.9755,1
v0011,best_model,HRV,lt2,S014,1.8736,0
v0011,best_model,HRV,lt2,S015,1.5242,0
v0011,best_model,HRV,lt2,S016,1.2979,0
v0011,best_model,HRV,lt2,S017,0.6239,1
v0011,best_model,HRV,lt2,S018,2.7913,0
v0011,best_model,HRV,lt2,S019,1.5987,1
v0011,best_model,NIRS,lt1,S002,3.0631,0
v0011,best_model,NIRS,lt1,S003,4.39,1
v0011,best_model,NIRS,lt1,S004,2.4258,0
v0011,best_model,NIRS,lt1,S006,1.9743,0
v0011,best_model,NIRS,lt1,S008,1.484,0
v0011,best_model,NIRS,lt1,S009,4.1739,1
v0011,best_model,NIRS,lt1,S010,3.6605,1
v0011,best_model,NIRS,lt1,S011,2.5529,0
v0011,best_model,NIRS,lt1,S013,2.2843,1
v0011,best_model,NIRS,lt1,S014,3.3324,0
v0011,best_model,NIRS,lt1,S016,2.8271,0
v0011,best_model,NIRS,lt1,S017,2.7683,1
v0011,best_model,NIRS,lt1,S018,4.7225,0
v0011,best_model,NIRS,lt1,S019,4.932,1
v0011,best_model,NIRS,lt2,S001,5.3128,0
v0011,best_model,NIRS,lt2,S002,1.2396,0
v0011,best_model,NIRS,lt2,S003,5.4268,1
v0011,best_model,NIRS,lt2,S004,1.4866,0
v0011,best_model,NIRS,lt2,S005,4.0635,0
v0011,best_model,NIRS,lt2,S006,1.7395,0
v0011,best_model,NIRS,lt2,S007,0.9119,0
v0011,best_model,NIRS,lt2,S008,1.5938,0
v0011,best_model,NIRS,lt2,S009,6.1181,1
v0011,best_model,NIRS,lt2,S010,2.0592,1
v0011,best_model,NIRS,lt2,S011,2.4254,0
v0011,best_model,NIRS,lt2,S012,2.0022,0
v0011,best_model,NIRS,lt2,S013,2.6209,1
v0011,best_model,NIRS,lt2,S014,2.6332,0
v0011,best_model,NIRS,lt2,S015,6.0447,0
v0011,best_model,NIRS,lt2,S016,2.1244,0
v0011,best_model,NIRS,lt2,S017,2.9971,1
v0011,best_model,NIRS,lt2,S018,1.5457,0
v0011,best_model,NIRS,lt2,S019,4.4357,1
v0102,with_abs,EMG,lt1,S002,3.3972,0
v0102,with_abs,EMG,lt1,S003,7.7031,1
v0102,with_abs,EMG,lt1,S004,4.907,0
v0102,with_abs,EMG,lt1,S006,3.9374,0
v0102,with_abs,EMG,lt1,S008,5.8538,0
v0102,with_abs,EMG,lt1,S009,9.7368,1
v0102,with_abs,EMG,lt1,S010,6.3773,1
v0102,with_abs,EMG,lt1,S011,3.9373,0
v0102,with_abs,EMG,lt1,S013,7.6544,1
v0102,with_abs,EMG,lt1,S014,5.5492,0
v0102,with_abs,EMG,lt1,S016,3.8141,0
v0102,with_abs,EMG,lt1,S017,4.1618,1
v0102,with_abs,EMG,lt1,S018,4.9509,0
v0102,with_abs,EMG,lt1,S019,9.1941,1
v0102,noabs,EMG,lt1,S002,3.4432,0
v0102,noabs,EMG,lt1,S003,7.1332,1
v0102,noabs,EMG,lt1,S004,5.4693,0
v0102,noabs,EMG,lt1,S006,3.8616,0
v0102,noabs,EMG,lt1,S008,5.7217,0
v0102,noabs,EMG,lt1,S009,10.0124,1
v0102,noabs,EMG,lt1,S010,6.421,1
v0102,noabs,EMG,lt1,S011,4.1875,0
v0102,noabs,EMG,lt1,S013,7.4613,1
v0102,noabs,EMG,lt1,S014,5.2653,0
v0102,noabs,EMG,lt1,S016,3.9195,0
v0102,noabs,EMG,lt1,S017,4.1808,1
v0102,noabs,EMG,lt1,S018,5.2817,0
v0102,noabs,EMG,lt1,S019,9.3389,1
v0102,with_abs,NIRS,lt1,S002,3.3481,0
v0102,with_abs,NIRS,lt1,S003,6.5107,1
v0102,with_abs,NIRS,lt1,S004,6.0476,0
v0102,with_abs,NIRS,lt1,S006,2.9376,0
v0102,with_abs,NIRS,lt1,S008,6.2123,0
v0102,with_abs,NIRS,lt1,S009,6.5881,1
v0102,with_abs,NIRS,lt1,S010,6.4493,1
v0102,with_abs,NIRS,lt1,S011,3.8705,0
v0102,with_abs,NIRS,lt1,S013,5.0407,1
v0102,with_abs,NIRS,lt1,S014,5.1853,0
v0102,with_abs,NIRS,lt1,S016,4.3516,0
v0102,with_abs,NIRS,lt1,S017,4.5843,1
v0102,with_abs,NIRS,lt1,S018,5.094,0
v0102,with_abs,NIRS,lt1,S019,6.9462,1
v0102,noabs,NIRS,lt1,S002,3.3503,0
v0102,noabs,NIRS,lt1,S003,6.2636,1
v0102,noabs,NIRS,lt1,S004,5.9678,0
v0102,noabs,NIRS,lt1,S006,2.9388,0
v0102,noabs,NIRS,lt1,S008,6.1922,0
v0102,noabs,NIRS,lt1,S009,6.8222,1
v0102,noabs,NIRS,lt1,S010,6.4038,1
v0102,noabs,NIRS,lt1,S011,4.7035,0
v0102,noabs,NIRS,lt1,S013,5.4778,1
v0102,noabs,NIRS,lt1,S014,5.2126,0
v0102,noabs,NIRS,lt1,S016,4.0705,0
v0102,noabs,NIRS,lt1,S017,4.6064,1
v0102,noabs,NIRS,lt1,S018,5.1307,0
v0102,noabs,NIRS,lt1,S019,7.835,1
v0102,with_abs,EMG+NIRS,lt1,S002,3.3954,0
v0102,with_abs,EMG+NIRS,lt1,S003,6.6929,1
v0102,with_abs,EMG+NIRS,lt1,S004,5.468,0
v0102,with_abs,EMG+NIRS,lt1,S006,2.9417,0
v0102,with_abs,EMG+NIRS,lt1,S008,4.9423,0
v0102,with_abs,EMG+NIRS,lt1,S009,8.7647,1
v0102,with_abs,EMG+NIRS,lt1,S010,5.7209,1
v0102,with_abs,EMG+NIRS,lt1,S011,4.1227,0
v0102,with_abs,EMG+NIRS,lt1,S013,4.4568,1
v0102,with_abs,EMG+NIRS,lt1,S014,5.0168,0
v0102,with_abs,EMG+NIRS,lt1,S016,3.6478,0
v0102,with_abs,EMG+NIRS,lt1,S017,4.5868,1
v0102,with_abs,EMG+NIRS,lt1,S018,5.2089,0
v0102,with_abs,EMG+NIRS,lt1,S019,9.6743,1
v0102,noabs,EMG+NIRS,lt1,S002,3.3302,0
v0102,noabs,EMG+NIRS,lt1,S003,5.5958,1
v0102,noabs,EMG+NIRS,lt1,S004,5.3811,0
v0102,noabs,EMG+NIRS,lt1,S006,3.454,0
v0102,noabs,EMG+NIRS,lt1,S008,6.0704,0
v0102,noabs,EMG+NIRS,lt1,S009,9.6728,1
v0102,noabs,EMG+NIRS,lt1,S010,5.4612,1
v0102,noabs,EMG+NIRS,lt1,S011,4.0454,0
v0102,noabs,EMG+NIRS,lt1,S013,4.4436,1
v0102,noabs,EMG+NIRS,lt1,S014,5.3147,0
v0102,noabs,EMG+NIRS,lt1,S016,4.1401,0
v0102,noabs,EMG+NIRS,lt1,S017,4.4084,1
v0102,noabs,EMG+NIRS,lt1,S018,4.6392,0
v0102,noabs,EMG+NIRS,lt1,S019,9.803,1
v0102,with_abs,EMG+NIRS+HRV,lt1,S002,3.3619,0
v0102,with_abs,EMG+NIRS+HRV,lt1,S003,8.3426,1
v0102,with_abs,EMG+NIRS+HRV,lt1,S004,4.9427,0
v0102,with_abs,EMG+NIRS+HRV,lt1,S006,2.97,0
v0102,with_abs,EMG+NIRS+HRV,lt1,S008,5.5353,0
v0102,with_abs,EMG+NIRS+HRV,lt1,S009,8.0211,1
v0102,with_abs,EMG+NIRS+HRV,lt1,S010,5.3701,1
v0102,with_abs,EMG+NIRS+HRV,lt1,S011,3.9247,0
v0102,with_abs,EMG+NIRS+HRV,lt1,S013,4.3791,1
v0102,with_abs,EMG+NIRS+HRV,lt1,S014,5.7895,0
v0102,with_abs,EMG+NIRS+HRV,lt1,S016,4.5959,0
v0102,with_abs,EMG+NIRS+HRV,lt1,S017,4.6023,1
v0102,with_abs,EMG+NIRS+HRV,lt1,S018,4.804,0
v0102,with_abs,EMG+NIRS+HRV,lt1,S019,8.7683,1
v0102,noabs,EMG+NIRS+HRV,lt1,S002,3.385,0
v0102,noabs,EMG+NIRS+HRV,lt1,S003,7.6323,1
v0102,noabs,EMG+NIRS+HRV,lt1,S004,5.562,0
v0102,noabs,EMG+NIRS+HRV,lt1,S006,3.1238,0
v0102,noabs,EMG+NIRS+HRV,lt1,S008,4.9218,0
v0102,noabs,EMG+NIRS+HRV,lt1,S009,8.6043,1
v0102,noabs,EMG+NIRS+HRV,lt1,S010,5.3014,1
v0102,noabs,EMG+NIRS+HRV,lt1,S011,3.7892,0
v0102,noabs,EMG+NIRS+HRV,lt1,S013,4.0527,1
v0102,noabs,EMG+NIRS+HRV,lt1,S014,5.6969,0
v0102,noabs,EMG+NIRS+HRV,lt1,S016,4.426,0
v0102,noabs,EMG+NIRS+HRV,lt1,S017,3.9365,1
v0102,noabs,EMG+NIRS+HRV,lt1,S018,3.6792,0
v0102,noabs,EMG+NIRS+HRV,lt1,S019,9.3018,1
v0102,with_abs,EMG,lt2,S001,4.2371,0
v0102,with_abs,EMG,lt2,S002,7.4056,0
v0102,with_abs,EMG,lt2,S003,8.8505,1
v0102,with_abs,EMG,lt2,S004,6.0041,0
v0102,with_abs,EMG,lt2,S005,5.7742,0
v0102,with_abs,EMG,lt2,S006,3.5318,0
v0102,with_abs,EMG,lt2,S008,6.9663,0
v0102,with_abs,EMG,lt2,S009,12.0578,1
v0102,with_abs,EMG,lt2,S010,6.1668,1
v0102,with_abs,EMG,lt2,S011,3.6465,0
v0102,with_abs,EMG,lt2,S012,4.5188,0
v0102,with_abs,EMG,lt2,S013,8.5199,1
v0102,with_abs,EMG,lt2,S014,4.7204,0
v0102,with_abs,EMG,lt2,S016,6.2261,0
v0102,with_abs,EMG,lt2,S017,4.2111,1
v0102,with_abs,EMG,lt2,S019,11.5462,1
v0102,noabs,EMG,lt2,S001,5.3013,0
v0102,noabs,EMG,lt2,S002,6.498,0
v0102,noabs,EMG,lt2,S003,11.319,1
v0102,noabs,EMG,lt2,S004,7.8346,0
v0102,noabs,EMG,lt2,S005,4.8593,0
v0102,noabs,EMG,lt2,S006,3.9361,0
v0102,noabs,EMG,lt2,S008,7.0885,0
v0102,noabs,EMG,lt2,S009,12.6439,1
v0102,noabs,EMG,lt2,S010,6.2407,1
v0102,noabs,EMG,lt2,S011,5.0715,0
v0102,noabs,EMG,lt2,S012,3.9365,0
v0102,noabs,EMG,lt2,S013,10.2448,1
v0102,noabs,EMG,lt2,S014,3.7162,0
v0102,noabs,EMG,lt2,S016,6.9775,0
v0102,noabs,EMG,lt2,S017,4.9435,1
v0102,noabs,EMG,lt2,S019,12.025,1
v0102,with_abs,NIRS,lt2,S001,12.8742,0
v0102,with_abs,NIRS,lt2,S002,15.0744,0
v0102,with_abs,NIRS,lt2,S003,8.1106,1
v0102,with_abs,NIRS,lt2,S004,5.9321,0
v0102,with_abs,NIRS,lt2,S005,7.0341,0
v0102,with_abs,NIRS,lt2,S006,5.9792,0
v0102,with_abs,NIRS,lt2,S008,6.2922,0
v0102,with_abs,NIRS,lt2,S009,4.2063,1
v0102,with_abs,NIRS,lt2,S010,3.7681,1
v0102,with_abs,NIRS,lt2,S011,4.4516,0
v0102,with_abs,NIRS,lt2,S012,3.6026,0
v0102,with_abs,NIRS,lt2,S013,5.3831,1
v0102,with_abs,NIRS,lt2,S014,3.6568,0
v0102,with_abs,NIRS,lt2,S016,8.8825,0
v0102,with_abs,NIRS,lt2,S017,7.1195,1
v0102,with_abs,NIRS,lt2,S019,6.7545,1
v0102,noabs,NIRS,lt2,S001,8.549,0
v0102,noabs,NIRS,lt2,S002,6.0564,0
v0102,noabs,NIRS,lt2,S003,5.4893,1
v0102,noabs,NIRS,lt2,S004,6.3359,0
v0102,noabs,NIRS,lt2,S005,7.3487,0
v0102,noabs,NIRS,lt2,S006,2.9757,0
v0102,noabs,NIRS,lt2,S008,5.3122,0
v0102,noabs,NIRS,lt2,S009,5.9587,1
v0102,noabs,NIRS,lt2,S010,3.607,1
v0102,noabs,NIRS,lt2,S011,4.3741,0
v0102,noabs,NIRS,lt2,S012,3.5031,0
v0102,noabs,NIRS,lt2,S013,4.5899,1
v0102,noabs,NIRS,lt2,S014,6.6617,0
v0102,noabs,NIRS,lt2,S016,8.348,0
v0102,noabs,NIRS,lt2,S017,10.8389,1
v0102,noabs,NIRS,lt2,S019,7.8933,1
v0102,with_abs,EMG+NIRS,lt2,S001,7.0905,0
v0102,with_abs,EMG+NIRS,lt2,S002,3.9926,0
v0102,with_abs,EMG+NIRS,lt2,S003,9.7231,1
v0102,with_abs,EMG+NIRS,lt2,S004,5.2598,0
v0102,with_abs,EMG+NIRS,lt2,S005,4.9111,0
v0102,with_abs,EMG+NIRS,lt2,S006,3.5978,0
v0102,with_abs,EMG+NIRS,lt2,S008,8.2737,0
v0102,with_abs,EMG+NIRS,lt2,S009,12.7949,1
v0102,with_abs,EMG+NIRS,lt2,S010,4.2248,1
v0102,with_abs,EMG+NIRS,lt2,S011,5.2248,0
v0102,with_abs,EMG+NIRS,lt2,S012,3.3103,0
v0102,with_abs,EMG+NIRS,lt2,S013,8.0406,1
v0102,with_abs,EMG+NIRS,lt2,S014,9.3548,0
v0102,with_abs,EMG+NIRS,lt2,S016,7.5141,0
v0102,with_abs,EMG+NIRS,lt2,S017,6.9737,1
v0102,with_abs,EMG+NIRS,lt2,S019,9.9028,1
v0102,noabs,EMG+NIRS,lt2,S001,6.4254,0
v0102,noabs,EMG+NIRS,lt2,S002,5.9251,0
v0102,noabs,EMG+NIRS,lt2,S003,7.2258,1
v0102,noabs,EMG+NIRS,lt2,S004,7.2689,0
v0102,noabs,EMG+NIRS,lt2,S005,5.355,0
v0102,noabs,EMG+NIRS,lt2,S006,3.8827,0
v0102,noabs,EMG+NIRS,lt2,S008,7.7385,0
v0102,noabs,EMG+NIRS,lt2,S009,12.3613,1
v0102,noabs,EMG+NIRS,lt2,S010,4.4112,1
v0102,noabs,EMG+NIRS,lt2,S011,6.1562,0
v0102,noabs,EMG+NIRS,lt2,S012,3.9188,0
v0102,noabs,EMG+NIRS,lt2,S013,8.2649,1
v0102,noabs,EMG+NIRS,lt2,S014,9.0852,0
v0102,noabs,EMG+NIRS,lt2,S016,7.6863,0
v0102,noabs,EMG+NIRS,lt2,S017,4.5668,1
v0102,noabs,EMG+NIRS,lt2,S019,11.7102,1
v0102,with_abs,EMG+NIRS+HRV,lt2,S001,5.4522,0
v0102,with_abs,EMG+NIRS+HRV,lt2,S002,3.601,0
v0102,with_abs,EMG+NIRS+HRV,lt2,S003,10.27,1
v0102,with_abs,EMG+NIRS+HRV,lt2,S004,13.1144,0
v0102,with_abs,EMG+NIRS+HRV,lt2,S005,3.934,0
v0102,with_abs,EMG+NIRS+HRV,lt2,S006,3.8575,0
v0102,with_abs,EMG+NIRS+HRV,lt2,S008,7.5898,0
v0102,with_abs,EMG+NIRS+HRV,lt2,S009,4.6707,1
v0102,with_abs,EMG+NIRS+HRV,lt2,S010,4.8123,1
v0102,with_abs,EMG+NIRS+HRV,lt2,S011,3.4803,0
v0102,with_abs,EMG+NIRS+HRV,lt2,S012,3.5553,0
v0102,with_abs,EMG+NIRS+HRV,lt2,S013,3.952,1
v0102,with_abs,EMG+NIRS+HRV,lt2,S014,8.7384,0
v0102,with_abs,EMG+NIRS+HRV,lt2,S016,9.2766,0
v0102,with_abs,EMG+NIRS+HRV,lt2,S017,4.4451,1
v0102,with_abs,EMG+NIRS+HRV,lt2,S019,9.782,1
v0102,noabs,EMG+NIRS+HRV,lt2,S001,6.3728,0
v0102,noabs,EMG+NIRS+HRV,lt2,S002,6.4634,0
v0102,noabs,EMG+NIRS+HRV,lt2,S003,7.3228,1
v0102,noabs,EMG+NIRS+HRV,lt2,S004,6.2511,0
v0102,noabs,EMG+NIRS+HRV,lt2,S005,5.7158,0
v0102,noabs,EMG+NIRS+HRV,lt2,S006,3.987,0
v0102,noabs,EMG+NIRS+HRV,lt2,S008,7.5629,0
v0102,noabs,EMG+NIRS+HRV,lt2,S009,9.1925,1
v0102,noabs,EMG+NIRS+HRV,lt2,S010,3.9727,1
v0102,noabs,EMG+NIRS+HRV,lt2,S011,3.4204,0
v0102,noabs,EMG+NIRS+HRV,lt2,S012,4.5667,0
v0102,noabs,EMG+NIRS+HRV,lt2,S013,5.9022,1
v0102,noabs,EMG+NIRS+HRV,lt2,S014,7.5983,0
v0102,noabs,EMG+NIRS+HRV,lt2,S016,6.9721,0
v0102,noabs,EMG+NIRS+HRV,lt2,S017,3.3555,1
v0102,noabs,EMG+NIRS+HRV,lt2,S019,9.8736,1
v0103,with_abs,EMG,lt1,S002,3.2521,0
v0103,with_abs,EMG,lt1,S003,7.1773,1
v0103,with_abs,EMG,lt1,S004,4.706,0
v0103,with_abs,EMG,lt1,S006,3.1593,0
v0103,with_abs,EMG,lt1,S008,4.8504,0
v0103,with_abs,EMG,lt1,S009,8.1631,1
v0103,with_abs,EMG,lt1,S010,7.2845,1
v0103,with_abs,EMG,lt1,S011,3.7211,0
v0103,with_abs,EMG,lt1,S013,6.0137,1
v0103,with_abs,EMG,lt1,S014,4.4982,0
v0103,with_abs,EMG,lt1,S016,3.7239,0
v0103,with_abs,EMG,lt1,S017,4.6187,1
v0103,with_abs,EMG,lt1,S018,4.4785,0
v0103,with_abs,EMG,lt1,S019,7.544,1
v0103,noabs,EMG,lt1,S002,3.3375,0
v0103,noabs,EMG,lt1,S003,7.2257,1
v0103,noabs,EMG,lt1,S004,4.6753,0
v0103,noabs,EMG,lt1,S006,3.3215,0
v0103,noabs,EMG,lt1,S008,4.7712,0
v0103,noabs,EMG,lt1,S009,8.2607,1
v0103,noabs,EMG,lt1,S010,7.2347,1
v0103,noabs,EMG,lt1,S011,3.7847,0
v0103,noabs,EMG,lt1,S013,5.937,1
v0103,noabs,EMG,lt1,S014,4.536,0
v0103,noabs,EMG,lt1,S016,3.6829,0
v0103,noabs,EMG,lt1,S017,4.6119,1
v0103,noabs,EMG,lt1,S018,4.3605,0
v0103,noabs,EMG,lt1,S019,7.5005,1
v0103,with_abs,NIRS,lt1,S002,3.3479,0
v0103,with_abs,NIRS,lt1,S003,7.2804,1
v0103,with_abs,NIRS,lt1,S004,4.7323,0
v0103,with_abs,NIRS,lt1,S006,3.2578,0
v0103,with_abs,NIRS,lt1,S008,5.1714,0
v0103,with_abs,NIRS,lt1,S009,8.1458,1
v0103,with_abs,NIRS,lt1,S010,7.1818,1
v0103,with_abs,NIRS,lt1,S011,3.8966,0
v0103,with_abs,NIRS,lt1,S013,6.1209,1
v0103,with_abs,NIRS,lt1,S014,4.8039,0
v0103,with_abs,NIRS,lt1,S016,4.0182,0
v0103,with_abs,NIRS,lt1,S017,4.9761,1
v0103,with_abs,NIRS,lt1,S018,4.7105,0
v0103,with_abs,NIRS,lt1,S019,7.8466,1
v0103,noabs,NIRS,lt1,S002,3.263,0
v0103,noabs,NIRS,lt1,S003,7.3001,1
v0103,noabs,NIRS,lt1,S004,4.6899,0
v0103,noabs,NIRS,lt1,S006,3.107,0
v0103,noabs,NIRS,lt1,S008,4.9753,0
v0103,noabs,NIRS,lt1,S009,8.2066,1
v0103,noabs,NIRS,lt1,S010,7.1939,1
v0103,noabs,NIRS,lt1,S011,3.9169,0
v0103,noabs,NIRS,lt1,S013,6.2177,1
v0103,noabs,NIRS,lt1,S014,4.7923,0
v0103,noabs,NIRS,lt1,S016,3.9736,0
v0103,noabs,NIRS,lt1,S017,4.8946,1
v0103,noabs,NIRS,lt1,S018,4.7455,0
v0103,noabs,NIRS,lt1,S019,7.7245,1
v0103,with_abs,EMG+NIRS,lt1,S002,3.2454,0
v0103,with_abs,EMG+NIRS,lt1,S003,7.2376,1
v0103,with_abs,EMG+NIRS,lt1,S004,4.644,0
v0103,with_abs,EMG+NIRS,lt1,S006,3.1011,0
v0103,with_abs,EMG+NIRS,lt1,S008,4.787,0
v0103,with_abs,EMG+NIRS,lt1,S009,8.1688,1
v0103,with_abs,EMG+NIRS,lt1,S010,7.2534,1
v0103,with_abs,EMG+NIRS,lt1,S011,3.7977,0
v0103,with_abs,EMG+NIRS,lt1,S013,6.0148,1
v0103,with_abs,EMG+NIRS,lt1,S014,4.5118,0
v0103,with_abs,EMG+NIRS,lt1,S016,3.8148,0
v0103,with_abs,EMG+NIRS,lt1,S017,4.5578,1
v0103,with_abs,EMG+NIRS,lt1,S018,4.503,0
v0103,with_abs,EMG+NIRS,lt1,S019,7.6241,1
v0103,noabs,EMG+NIRS,lt1,S002,3.2061,0
v0103,noabs,EMG+NIRS,lt1,S003,7.2695,1
v0103,noabs,EMG+NIRS,lt1,S004,4.5718,0
v0103,noabs,EMG+NIRS,lt1,S006,3.2444,0
v0103,noabs,EMG+NIRS,lt1,S008,4.5665,0
v0103,noabs,EMG+NIRS,lt1,S009,8.1069,1
v0103,noabs,EMG+NIRS,lt1,S010,7.2869,1
v0103,noabs,EMG+NIRS,lt1,S011,3.8155,0
v0103,noabs,EMG+NIRS,lt1,S013,6.0052,1
v0103,noabs,EMG+NIRS,lt1,S014,4.4652,0
v0103,noabs,EMG+NIRS,lt1,S016,3.8611,0
v0103,noabs,EMG+NIRS,lt1,S017,4.7103,1
v0103,noabs,EMG+NIRS,lt1,S018,4.434,0
v0103,noabs,EMG+NIRS,lt1,S019,7.6062,1
v0103,with_abs,EMG+NIRS+HRV,lt1,S002,3.1888,0
v0103,with_abs,EMG+NIRS+HRV,lt1,S003,7.3472,1
v0103,with_abs,EMG+NIRS+HRV,lt1,S004,4.5578,0
v0103,with_abs,EMG+NIRS+HRV,lt1,S006,3.0525,0
v0103,with_abs,EMG+NIRS+HRV,lt1,S008,4.7573,0
v0103,with_abs,EMG+NIRS+HRV,lt1,S009,8.1372,1
v0103,with_abs,EMG+NIRS+HRV,lt1,S010,7.2762,1
v0103,with_abs,EMG+NIRS+HRV,lt1,S011,3.7754,0
v0103,with_abs,EMG+NIRS+HRV,lt1,S013,5.9786,1
v0103,with_abs,EMG+NIRS+HRV,lt1,S014,4.655,0
v0103,with_abs,EMG+NIRS+HRV,lt1,S016,3.7173,0
v0103,with_abs,EMG+NIRS+HRV,lt1,S017,4.6713,1
v0103,with_abs,EMG+NIRS+HRV,lt1,S018,4.3284,0
v0103,with_abs,EMG+NIRS+HRV,lt1,S019,7.5937,1
v0103,noabs,EMG+NIRS+HRV,lt1,S002,3.1983,0
v0103,noabs,EMG+NIRS+HRV,lt1,S003,7.2781,1
v0103,noabs,EMG+NIRS+HRV,lt1,S004,4.6439,0
v0103,noabs,EMG+NIRS+HRV,lt1,S006,3.1366,0
v0103,noabs,EMG+NIRS+HRV,lt1,S008,4.8133,0
v0103,noabs,EMG+NIRS+HRV,lt1,S009,8.0838,1
v0103,noabs,EMG+NIRS+HRV,lt1,S010,7.2806,1
v0103,noabs,EMG+NIRS+HRV,lt1,S011,3.8333,0
v0103,noabs,EMG+NIRS+HRV,lt1,S013,5.8858,1
v0103,noabs,EMG+NIRS+HRV,lt1,S014,4.5499,0
v0103,noabs,EMG+NIRS+HRV,lt1,S016,3.6907,0
v0103,noabs,EMG+NIRS+HRV,lt1,S017,4.7262,1
v0103,noabs,EMG+NIRS+HRV,lt1,S018,4.1695,0
v0103,noabs,EMG+NIRS+HRV,lt1,S019,7.5285,1
v0103,with_abs,EMG,lt2,S001,4.4275,0
v0103,with_abs,EMG,lt2,S002,3.2037,0
v0103,with_abs,EMG,lt2,S003,4.6074,1
v0103,with_abs,EMG,lt2,S004,3.7186,0
v0103,with_abs,EMG,lt2,S005,3.6521,0
v0103,with_abs,EMG,lt2,S006,2.1737,0
v0103,with_abs,EMG,lt2,S008,1.2259,0
v0103,with_abs,EMG,lt2,S009,9.0267,1
v0103,with_abs,EMG,lt2,S010,6.495,1
v0103,with_abs,EMG,lt2,S011,3.9401,0
v0103,with_abs,EMG,lt2,S012,3.0042,0
v0103,with_abs,EMG,lt2,S013,3.9727,1
v0103,with_abs,EMG,lt2,S014,1.5962,0
v0103,with_abs,EMG,lt2,S015,3.1876,0
v0103,with_abs,EMG,lt2,S016,2.2476,0
v0103,with_abs,EMG,lt2,S017,1.9671,1
v0103,with_abs,EMG,lt2,S018,4.5554,0
v0103,with_abs,EMG,lt2,S019,4.2371,1
v0103,noabs,EMG,lt2,S001,4.2386,0
v0103,noabs,EMG,lt2,S002,4.1405,0
v0103,noabs,EMG,lt2,S003,4.7316,1
v0103,noabs,EMG,lt2,S004,3.802,0
v0103,noabs,EMG,lt2,S005,4.4081,0
v0103,noabs,EMG,lt2,S006,1.7217,0
v0103,noabs,EMG,lt2,S008,1.8022,0
v0103,noabs,EMG,lt2,S009,11.2353,1
v0103,noabs,EMG,lt2,S010,6.6319,1
v0103,noabs,EMG,lt2,S011,5.269,0
v0103,noabs,EMG,lt2,S012,4.3222,0
v0103,noabs,EMG,lt2,S013,5.407,1
v0103,noabs,EMG,lt2,S014,1.6357,0
v0103,noabs,EMG,lt2,S015,5.111,0
v0103,noabs,EMG,lt2,S016,2.0077,0
v0103,noabs,EMG,lt2,S017,2.2954,1
v0103,noabs,EMG,lt2,S018,2.0642,0
v0103,noabs,EMG,lt2,S019,6.4444,1
v0103,with_abs,NIRS,lt2,S001,4.928,0
v0103,with_abs,NIRS,lt2,S002,5.9114,0
v0103,with_abs,NIRS,lt2,S003,4.0574,1
v0103,with_abs,NIRS,lt2,S004,2.7115,0
v0103,with_abs,NIRS,lt2,S005,5.4026,0
v0103,with_abs,NIRS,lt2,S006,6.103,0
v0103,with_abs,NIRS,lt2,S008,2.5119,0
v0103,with_abs,NIRS,lt2,S009,3.2691,1
v0103,with_abs,NIRS,lt2,S010,5.2058,1
v0103,with_abs,NIRS,lt2,S011,2.2331,0
v0103,with_abs,NIRS,lt2,S012,3.7596,0
v0103,with_abs,NIRS,lt2,S013,5.8343,1
v0103,with_abs,NIRS,lt2,S014,3.0527,0
v0103,with_abs,NIRS,lt2,S015,3.0449,0
v0103,with_abs,NIRS,lt2,S016,5.3048,0
v0103,with_abs,NIRS,lt2,S017,2.8935,1
v0103,with_abs,NIRS,lt2,S018,1.701,0
v0103,with_abs,NIRS,lt2,S019,8.1512,1
v0103,noabs,NIRS,lt2,S001,6.4004,0
v0103,noabs,NIRS,lt2,S002,1.8363,0
v0103,noabs,NIRS,lt2,S003,4.8182,1
v0103,noabs,NIRS,lt2,S004,2.1696,0
v0103,noabs,NIRS,lt2,S005,6.3419,0
v0103,noabs,NIRS,lt2,S006,11.7042,0
v0103,noabs,NIRS,lt2,S008,3.8689,0
v0103,noabs,NIRS,lt2,S009,6.8758,1
v0103,noabs,NIRS,lt2,S010,6.0321,1
v0103,noabs,NIRS,lt2,S011,6.3362,0
v0103,noabs,NIRS,lt2,S012,2.8021,0
v0103,noabs,NIRS,lt2,S013,6.6519,1
v0103,noabs,NIRS,lt2,S014,3.5345,0
v0103,noabs,NIRS,lt2,S015,3.9654,0
v0103,noabs,NIRS,lt2,S016,6.3219,0
v0103,noabs,NIRS,lt2,S017,4.2151,1
v0103,noabs,NIRS,lt2,S018,1.8588,0
v0103,noabs,NIRS,lt2,S019,4.8329,1
v0103,with_abs,EMG+NIRS,lt2,S001,3.8219,0
v0103,with_abs,EMG+NIRS,lt2,S002,1.9517,0
v0103,with_abs,EMG+NIRS,lt2,S003,3.0956,1
v0103,with_abs,EMG+NIRS,lt2,S004,3.526,0
v0103,with_abs,EMG+NIRS,lt2,S005,3.93,0
v0103,with_abs,EMG+NIRS,lt2,S006,2.1758,0
v0103,with_abs,EMG+NIRS,lt2,S008,2.2233,0
v0103,with_abs,EMG+NIRS,lt2,S009,9.061,1
v0103,with_abs,EMG+NIRS,lt2,S010,8.3111,1
v0103,with_abs,EMG+NIRS,lt2,S011,3.5179,0
v0103,with_abs,EMG+NIRS,lt2,S012,2.1665,0
v0103,with_abs,EMG+NIRS,lt2,S013,4.3169,1
v0103,with_abs,EMG+NIRS,lt2,S014,1.445,0
v0103,with_abs,EMG+NIRS,lt2,S015,3.4574,0
v0103,with_abs,EMG+NIRS,lt2,S016,2.5827,0
v0103,with_abs,EMG+NIRS,lt2,S017,3.6239,1
v0103,with_abs,EMG+NIRS,lt2,S018,6.5501,0
v0103,with_abs,EMG+NIRS,lt2,S019,6.2322,1
v0103,noabs,EMG+NIRS,lt2,S001,4.2096,0
v0103,noabs,EMG+NIRS,lt2,S002,2.5847,0
v0103,noabs,EMG+NIRS,lt2,S003,3.221,1
v0103,noabs,EMG+NIRS,lt2,S004,3.3142,0
v0103,noabs,EMG+NIRS,lt2,S005,3.8333,0
v0103,noabs,EMG+NIRS,lt2,S006,2.1933,0
v0103,noabs,EMG+NIRS,lt2,S008,2.2851,0
v0103,noabs,EMG+NIRS,lt2,S009,9.0184,1
v0103,noabs,EMG+NIRS,lt2,S010,6.6487,1
v0103,noabs,EMG+NIRS,lt2,S011,2.9044,0
v0103,noabs,EMG+NIRS,lt2,S012,2.021,0
v0103,noabs,EMG+NIRS,lt2,S013,4.9104,1
v0103,noabs,EMG+NIRS,lt2,S014,3.121,0
v0103,noabs,EMG+NIRS,lt2,S015,4.0184,0
v0103,noabs,EMG+NIRS,lt2,S016,2.4753,0
v0103,noabs,EMG+NIRS,lt2,S017,2.5976,1
v0103,noabs,EMG+NIRS,lt2,S018,5.8783,0
v0103,noabs,EMG+NIRS,lt2,S019,5.7098,1
v0103,with_abs,EMG+NIRS+HRV,lt2,S001,2.8644,0
v0103,with_abs,EMG+NIRS+HRV,lt2,S002,1.9622,0
v0103,with_abs,EMG+NIRS+HRV,lt2,S003,2.8593,1
v0103,with_abs,EMG+NIRS+HRV,lt2,S004,1.2062,0
v0103,with_abs,EMG+NIRS+HRV,lt2,S005,2.8228,0
v0103,with_abs,EMG+NIRS+HRV,lt2,S006,2.5516,0
v0103,with_abs,EMG+NIRS+HRV,lt2,S008,1.6701,0
v0103,with_abs,EMG+NIRS+HRV,lt2,S009,8.0594,1
v0103,with_abs,EMG+NIRS+HRV,lt2,S010,6.2528,1
v0103,with_abs,EMG+NIRS+HRV,lt2,S011,3.4855,0
v0103,with_abs,EMG+NIRS+HRV,lt2,S012,2.1643,0
v0103,with_abs,EMG+NIRS+HRV,lt2,S013,2.6481,1
v0103,with_abs,EMG+NIRS+HRV,lt2,S014,2.7836,0
v0103,with_abs,EMG+NIRS+HRV,lt2,S015,3.0338,0
v0103,with_abs,EMG+NIRS+HRV,lt2,S016,2.7078,0
v0103,with_abs,EMG+NIRS+HRV,lt2,S017,3.557,1
v0103,with_abs,EMG+NIRS+HRV,lt2,S018,2.4931,0
v0103,with_abs,EMG+NIRS+HRV,lt2,S019,5.1379,1
v0103,noabs,EMG+NIRS+HRV,lt2,S001,3.8084,0
v0103,noabs,EMG+NIRS+HRV,lt2,S002,4.3698,0
v0103,noabs,EMG+NIRS+HRV,lt2,S003,3.5791,1
v0103,noabs,EMG+NIRS+HRV,lt2,S004,1.3662,0
v0103,noabs,EMG+NIRS+HRV,lt2,S005,3.5842,0
v0103,noabs,EMG+NIRS+HRV,lt2,S006,2.9198,0
v0103,noabs,EMG+NIRS+HRV,lt2,S008,1.4312,0
v0103,noabs,EMG+NIRS+HRV,lt2,S009,7.8003,1
v0103,noabs,EMG+NIRS+HRV,lt2,S010,5.9146,1
v0103,noabs,EMG+NIRS+HRV,lt2,S011,2.1431,0
v0103,noabs,EMG+NIRS+HRV,lt2,S012,2.9534,0
v0103,noabs,EMG+NIRS+HRV,lt2,S013,3.9091,1
v0103,noabs,EMG+NIRS+HRV,lt2,S014,1.2825,0
v0103,noabs,EMG+NIRS+HRV,lt2,S015,2.3441,0
v0103,noabs,EMG+NIRS+HRV,lt2,S016,2.1908,0
v0103,noabs,EMG+NIRS+HRV,lt2,S017,2.1292,1
v0103,noabs,EMG+NIRS+HRV,lt2,S018,1.8548,0
v0103,noabs,EMG+NIRS+HRV,lt2,S019,4.3616,1
v0104,with_abs,EMG,lt1,S002,3.1192,0
v0104,with_abs,EMG,lt1,S003,6.5839,1
v0104,with_abs,EMG,lt1,S004,5.0865,0
v0104,with_abs,EMG,lt1,S006,2.6367,0
v0104,with_abs,EMG,lt1,S008,4.1661,0
v0104,with_abs,EMG,lt1,S009,7.7017,1
v0104,with_abs,EMG,lt1,S010,6.4737,1
v0104,with_abs,EMG,lt1,S011,3.2248,0
v0104,with_abs,EMG,lt1,S013,5.2826,1
v0104,with_abs,EMG,lt1,S014,4.0111,0
v0104,with_abs,EMG,lt1,S016,3.3249,0
v0104,with_abs,EMG,lt1,S017,4.3999,1
v0104,with_abs,EMG,lt1,S018,4.5821,0
v0104,with_abs,EMG,lt1,S019,7.3392,1
v0104,noabs,EMG,lt1,S002,3.0874,0
v0104,noabs,EMG,lt1,S003,6.7319,1
v0104,noabs,EMG,lt1,S004,5.112,0
v0104,noabs,EMG,lt1,S006,2.676,0
v0104,noabs,EMG,lt1,S008,4.1483,0
v0104,noabs,EMG,lt1,S009,7.7606,1
v0104,noabs,EMG,lt1,S010,6.5138,1
v0104,noabs,EMG,lt1,S011,3.1233,0
v0104,noabs,EMG,lt1,S013,5.2019,1
v0104,noabs,EMG,lt1,S014,3.9799,0
v0104,noabs,EMG,lt1,S016,3.332,0
v0104,noabs,EMG,lt1,S017,4.2989,1
v0104,noabs,EMG,lt1,S018,4.386,0
v0104,noabs,EMG,lt1,S019,7.2408,1
v0104,with_abs,NIRS,lt1,S002,3.4937,0
v0104,with_abs,NIRS,lt1,S003,6.7469,1
v0104,with_abs,NIRS,lt1,S004,4.1853,0
v0104,with_abs,NIRS,lt1,S006,3.0139,0
v0104,with_abs,NIRS,lt1,S008,4.0726,0
v0104,with_abs,NIRS,lt1,S009,7.5481,1
v0104,with_abs,NIRS,lt1,S010,7.0249,1
v0104,with_abs,NIRS,lt1,S011,3.8126,0
v0104,with_abs,NIRS,lt1,S013,5.3978,1
v0104,with_abs,NIRS,lt1,S014,4.7314,0
v0104,with_abs,NIRS,lt1,S016,3.9188,0
v0104,with_abs,NIRS,lt1,S017,4.6483,1
v0104,with_abs,NIRS,lt1,S018,4.522,0
v0104,with_abs,NIRS,lt1,S019,7.2331,1
v0104,noabs,NIRS,lt1,S002,3.4715,0
v0104,noabs,NIRS,lt1,S003,6.7761,1
v0104,noabs,NIRS,lt1,S004,4.2032,0
v0104,noabs,NIRS,lt1,S006,3.0173,0
v0104,noabs,NIRS,lt1,S008,4.0805,0
v0104,noabs,NIRS,lt1,S009,7.6907,1
v0104,noabs,NIRS,lt1,S010,6.865,1
v0104,noabs,NIRS,lt1,S011,3.8127,0
v0104,noabs,NIRS,lt1,S013,5.5541,1
v0104,noabs,NIRS,lt1,S014,4.731,0
v0104,noabs,NIRS,lt1,S016,3.9187,0
v0104,noabs,NIRS,lt1,S017,4.6516,1
v0104,noabs,NIRS,lt1,S018,4.5225,0
v0104,noabs,NIRS,lt1,S019,7.1295,1
v0104,with_abs,EMG+NIRS,lt1,S002,2.9224,0
v0104,with_abs,EMG+NIRS,lt1,S003,6.5789,1
v0104,with_abs,EMG+NIRS,lt1,S004,5.1391,0
v0104,with_abs,EMG+NIRS,lt1,S006,2.8368,0
v0104,with_abs,EMG+NIRS,lt1,S008,4.1446,0
v0104,with_abs,EMG+NIRS,lt1,S009,7.734,1
v0104,with_abs,EMG+NIRS,lt1,S010,6.585,1
v0104,with_abs,EMG+NIRS,lt1,S011,3.2369,0
v0104,with_abs,EMG+NIRS,lt1,S013,5.1273,1
v0104,with_abs,EMG+NIRS,lt1,S014,4.0299,0
v0104,with_abs,EMG+NIRS,lt1,S016,3.2907,0
v0104,with_abs,EMG+NIRS,lt1,S017,4.247,1
v0104,with_abs,EMG+NIRS,lt1,S018,3.9109,0
v0104,with_abs,EMG+NIRS,lt1,S019,7.1582,1
v0104,noabs,EMG+NIRS,lt1,S002,3.0554,0
v0104,noabs,EMG+NIRS,lt1,S003,6.6945,1
v0104,noabs,EMG+NIRS,lt1,S004,5.0316,0
v0104,noabs,EMG+NIRS,lt1,S006,2.7511,0
v0104,noabs,EMG+NIRS,lt1,S008,4.2305,0
v0104,noabs,EMG+NIRS,lt1,S009,7.769,1
v0104,noabs,EMG+NIRS,lt1,S010,6.5825,1
v0104,noabs,EMG+NIRS,lt1,S011,3.2144,0
v0104,noabs,EMG+NIRS,lt1,S013,5.3115,1
v0104,noabs,EMG+NIRS,lt1,S014,4.0291,0
v0104,noabs,EMG+NIRS,lt1,S016,3.3257,0
v0104,noabs,EMG+NIRS,lt1,S017,4.2811,1
v0104,noabs,EMG+NIRS,lt1,S018,3.9933,0
v0104,noabs,EMG+NIRS,lt1,S019,7.4853,1
v0104,with_abs,EMG+NIRS+HRV,lt1,S002,2.7599,0
v0104,with_abs,EMG+NIRS+HRV,lt1,S003,6.7568,1
v0104,with_abs,EMG+NIRS+HRV,lt1,S004,3.8752,0
v0104,with_abs,EMG+NIRS+HRV,lt1,S006,2.794,0
v0104,with_abs,EMG+NIRS+HRV,lt1,S008,4.168,0
v0104,with_abs,EMG+NIRS+HRV,lt1,S009,7.9084,1
v0104,with_abs,EMG+NIRS+HRV,lt1,S010,6.5356,1
v0104,with_abs,EMG+NIRS+HRV,lt1,S011,3.2126,0
v0104,with_abs,EMG+NIRS+HRV,lt1,S013,5.1748,1
v0104,with_abs,EMG+NIRS+HRV,lt1,S014,3.9505,0
v0104,with_abs,EMG+NIRS+HRV,lt1,S016,3.0802,0
v0104,with_abs,EMG+NIRS+HRV,lt1,S017,3.8716,1
v0104,with_abs,EMG+NIRS+HRV,lt1,S018,3.7954,0
v0104,with_abs,EMG+NIRS+HRV,lt1,S019,7.1944,1
v0104,noabs,EMG+NIRS+HRV,lt1,S002,2.8633,0
v0104,noabs,EMG+NIRS+HRV,lt1,S003,6.7534,1
v0104,noabs,EMG+NIRS+HRV,lt1,S004,4.3667,0
v0104,noabs,EMG+NIRS+HRV,lt1,S006,2.8667,0
v0104,noabs,EMG+NIRS+HRV,lt1,S008,4.1684,0
v0104,noabs,EMG+NIRS+HRV,lt1,S009,7.9304,1
v0104,noabs,EMG+NIRS+HRV,lt1,S010,6.5521,1
v0104,noabs,EMG+NIRS+HRV,lt1,S011,3.1974,0
v0104,noabs,EMG+NIRS+HRV,lt1,S013,5.1962,1
v0104,noabs,EMG+NIRS+HRV,lt1,S014,3.9774,0
v0104,noabs,EMG+NIRS+HRV,lt1,S016,3.074,0
v0104,noabs,EMG+NIRS+HRV,lt1,S017,4.1394,1
v0104,noabs,EMG+NIRS+HRV,lt1,S018,3.8354,0
v0104,noabs,EMG+NIRS+HRV,lt1,S019,7.1189,1
v0104,with_abs,EMG,lt2,S001,3.3504,0
v0104,with_abs,EMG,lt2,S002,3.2288,0
v0104,with_abs,EMG,lt2,S003,2.5554,1
v0104,with_abs,EMG,lt2,S004,2.0546,0
v0104,with_abs,EMG,lt2,S005,5.1766,0
v0104,with_abs,EMG,lt2,S006,1.4695,0
v0104,with_abs,EMG,lt2,S008,3.7699,0
v0104,with_abs,EMG,lt2,S009,7.6344,1
v0104,with_abs,EMG,lt2,S010,3.1079,1
v0104,with_abs,EMG,lt2,S011,2.8421,0
v0104,with_abs,EMG,lt2,S012,1.606,0
v0104,with_abs,EMG,lt2,S013,3.2205,1
v0104,with_abs,EMG,lt2,S014,1.6508,0
v0104,with_abs,EMG,lt2,S015,3.8417,0
v0104,with_abs,EMG,lt2,S016,1.8245,0
v0104,with_abs,EMG,lt2,S017,4.4825,1
v0104,with_abs,EMG,lt2,S018,4.9499,0
v0104,with_abs,EMG,lt2,S019,5.1333,1
v0104,noabs,EMG,lt2,S001,3.1734,0
v0104,noabs,EMG,lt2,S002,3.7727,0
v0104,noabs,EMG,lt2,S003,2.6493,1
v0104,noabs,EMG,lt2,S004,2.2541,0
v0104,noabs,EMG,lt2,S005,4.5256,0
v0104,noabs,EMG,lt2,S006,1.5236,0
v0104,noabs,EMG,lt2,S008,4.1401,0
v0104,noabs,EMG,lt2,S009,6.7864,1
v0104,noabs,EMG,lt2,S010,4.2285,1
v0104,noabs,EMG,lt2,S011,1.9317,0
v0104,noabs,EMG,lt2,S012,1.3468,0
v0104,noabs,EMG,lt2,S013,3.5817,1
v0104,noabs,EMG,lt2,S014,1.9866,0
v0104,noabs,EMG,lt2,S015,3.7123,0
v0104,noabs,EMG,lt2,S016,2.0881,0
v0104,noabs,EMG,lt2,S017,3.4344,1
v0104,noabs,EMG,lt2,S018,5.2918,0
v0104,noabs,EMG,lt2,S019,5.8318,1
v0104,with_abs,NIRS,lt2,S001,5.7227,0
v0104,with_abs,NIRS,lt2,S002,3.2615,0
v0104,with_abs,NIRS,lt2,S003,5.0243,1
v0104,with_abs,NIRS,lt2,S004,2.9059,0
v0104,with_abs,NIRS,lt2,S005,7.3156,0
v0104,with_abs,NIRS,lt2,S006,4.9156,0
v0104,with_abs,NIRS,lt2,S008,4.6454,0
v0104,with_abs,NIRS,lt2,S009,14.4186,1
v0104,with_abs,NIRS,lt2,S010,4.1077,1
v0104,with_abs,NIRS,lt2,S011,1.7628,0
v0104,with_abs,NIRS,lt2,S012,2.6286,0
v0104,with_abs,NIRS,lt2,S013,4.6618,1
v0104,with_abs,NIRS,lt2,S014,2.7504,0
v0104,with_abs,NIRS,lt2,S015,7.5069,0
v0104,with_abs,NIRS,lt2,S016,4.0835,0
v0104,with_abs,NIRS,lt2,S017,4.0601,1
v0104,with_abs,NIRS,lt2,S018,1.7049,0
v0104,with_abs,NIRS,lt2,S019,6.6939,1
v0104,noabs,NIRS,lt2,S001,3.664,0
v0104,noabs,NIRS,lt2,S002,4.8994,0
v0104,noabs,NIRS,lt2,S003,3.5629,1
v0104,noabs,NIRS,lt2,S004,3.5627,0
v0104,noabs,NIRS,lt2,S005,9.8612,0
v0104,noabs,NIRS,lt2,S006,7.812,0
v0104,noabs,NIRS,lt2,S008,2.5307,0
v0104,noabs,NIRS,lt2,S009,4.3147,1
v0104,noabs,NIRS,lt2,S010,3.959,1
v0104,noabs,NIRS,lt2,S011,4.766,0
v0104,noabs,NIRS,lt2,S012,5.3397,0
v0104,noabs,NIRS,lt2,S013,5.8422,1
v0104,noabs,NIRS,lt2,S014,3.0838,0
v0104,noabs,NIRS,lt2,S015,3.7204,0
v0104,noabs,NIRS,lt2,S016,3.7434,0
v0104,noabs,NIRS,lt2,S017,4.159,1
v0104,noabs,NIRS,lt2,S018,1.6563,0
v0104,noabs,NIRS,lt2,S019,6.7559,1
v0104,with_abs,EMG+NIRS,lt2,S001,5.9505,0
v0104,with_abs,EMG+NIRS,lt2,S002,2.0728,0
v0104,with_abs,EMG+NIRS,lt2,S003,2.3145,1
v0104,with_abs,EMG+NIRS,lt2,S004,2.6569,0
v0104,with_abs,EMG+NIRS,lt2,S005,5.6498,0
v0104,with_abs,EMG+NIRS,lt2,S006,2.4523,0
v0104,with_abs,EMG+NIRS,lt2,S008,3.5183,0
v0104,with_abs,EMG+NIRS,lt2,S009,7.8006,1
v0104,with_abs,EMG+NIRS,lt2,S010,3.5835,1
v0104,with_abs,EMG+NIRS,lt2,S011,2.2516,0
v0104,with_abs,EMG+NIRS,lt2,S012,1.4408,0
v0104,with_abs,EMG+NIRS,lt2,S013,2.4134,1
v0104,with_abs,EMG+NIRS,lt2,S014,2.0421,0
v0104,with_abs,EMG+NIRS,lt2,S015,3.292,0
v0104,with_abs,EMG+NIRS,lt2,S016,2.4904,0
v0104,with_abs,EMG+NIRS,lt2,S017,4.072,1
v0104,with_abs,EMG+NIRS,lt2,S018,5.1282,0
v0104,with_abs,EMG+NIRS,lt2,S019,4.8918,1
v0104,noabs,EMG+NIRS,lt2,S001,2.8594,0
v0104,noabs,EMG+NIRS,lt2,S002,3.0958,0
v0104,noabs,EMG+NIRS,lt2,S003,2.3403,1
v0104,noabs,EMG+NIRS,lt2,S004,2.8493,0
v0104,noabs,EMG+NIRS,lt2,S005,5.1053,0
v0104,noabs,EMG+NIRS,lt2,S006,2.2579,0
v0104,noabs,EMG+NIRS,lt2,S008,4.0419,0
v0104,noabs,EMG+NIRS,lt2,S009,7.0686,1
v0104,noabs,EMG+NIRS,lt2,S010,3.785,1
v0104,noabs,EMG+NIRS,lt2,S011,2.4018,0
v0104,noabs,EMG+NIRS,lt2,S012,1.2639,0
v0104,noabs,EMG+NIRS,lt2,S013,2.278,1
v0104,noabs,EMG+NIRS,lt2,S014,2.4342,0
v0104,noabs,EMG+NIRS,lt2,S015,3.6341,0
v0104,noabs,EMG+NIRS,lt2,S016,2.8125,0
v0104,noabs,EMG+NIRS,lt2,S017,1.8449,1
v0104,noabs,EMG+NIRS,lt2,S018,5.3894,0
v0104,noabs,EMG+NIRS,lt2,S019,5.4031,1
v0104,with_abs,EMG+NIRS+HRV,lt2,S001,2.3997,0
v0104,with_abs,EMG+NIRS+HRV,lt2,S002,2.5687,0
v0104,with_abs,EMG+NIRS+HRV,lt2,S003,3.5675,1
v0104,with_abs,EMG+NIRS+HRV,lt2,S004,1.5608,0
v0104,with_abs,EMG+NIRS+HRV,lt2,S005,3.7733,0
v0104,with_abs,EMG+NIRS+HRV,lt2,S006,1.4246,0
v0104,with_abs,EMG+NIRS+HRV,lt2,S008,3.4224,0
v0104,with_abs,EMG+NIRS+HRV,lt2,S009,3.057,1
v0104,with_abs,EMG+NIRS+HRV,lt2,S010,2.669,1
v0104,with_abs,EMG+NIRS+HRV,lt2,S011,1.623,0
v0104,with_abs,EMG+NIRS+HRV,lt2,S012,1.1326,0
v0104,with_abs,EMG+NIRS+HRV,lt2,S013,2.1267,1
v0104,with_abs,EMG+NIRS+HRV,lt2,S014,1.4927,0
v0104,with_abs,EMG+NIRS+HRV,lt2,S015,2.7279,0
v0104,with_abs,EMG+NIRS+HRV,lt2,S016,3.0281,0
v0104,with_abs,EMG+NIRS+HRV,lt2,S017,1.0467,1
v0104,with_abs,EMG+NIRS+HRV,lt2,S018,2.3417,0
v0104,with_abs,EMG+NIRS+HRV,lt2,S019,4.021,1
v0104,noabs,EMG+NIRS+HRV,lt2,S001,3.0394,0
v0104,noabs,EMG+NIRS+HRV,lt2,S002,2.9077,0
v0104,noabs,EMG+NIRS+HRV,lt2,S003,3.0109,1
v0104,noabs,EMG+NIRS+HRV,lt2,S004,2.1269,0
v0104,noabs,EMG+NIRS+HRV,lt2,S005,5.6195,0
v0104,noabs,EMG+NIRS+HRV,lt2,S006,2.253,0
v0104,noabs,EMG+NIRS+HRV,lt2,S008,4.1444,0
v0104,noabs,EMG+NIRS+HRV,lt2,S009,3.6591,1
v0104,noabs,EMG+NIRS+HRV,lt2,S010,3.1672,1
v0104,noabs,EMG+NIRS+HRV,lt2,S011,2.4687,0
v0104,noabs,EMG+NIRS+HRV,lt2,S012,1.252,0
v0104,noabs,EMG+NIRS+HRV,lt2,S013,2.2339,1
v0104,noabs,EMG+NIRS+HRV,lt2,S014,2.2456,0
v0104,noabs,EMG+NIRS+HRV,lt2,S015,3.065,0
v0104,noabs,EMG+NIRS+HRV,lt2,S016,2.9546,0
v0104,noabs,EMG+NIRS+HRV,lt2,S017,3.1305,1
v0104,noabs,EMG+NIRS+HRV,lt2,S018,4.1071,0
v0104,noabs,EMG+NIRS+HRV,lt2,S019,4.231,1
v0105,with_abs,EMG,lt1,S002,3.6804,0
v0105,with_abs,EMG,lt1,S003,6.958,1
v0105,with_abs,EMG,lt1,S004,3.9674,0
v0105,with_abs,EMG,lt1,S006,2.9403,0
v0105,with_abs,EMG,lt1,S008,3.6827,0
v0105,with_abs,EMG,lt1,S009,8.0343,1
v0105,with_abs,EMG,lt1,S010,6.7252,1
v0105,with_abs,EMG,lt1,S011,4.0311,0
v0105,with_abs,EMG,lt1,S013,5.7228,1
v0105,with_abs,EMG,lt1,S014,4.7711,0
v0105,with_abs,EMG,lt1,S016,4.1011,0
v0105,with_abs,EMG,lt1,S017,4.5571,1
v0105,with_abs,EMG,lt1,S018,4.5959,0
v0105,with_abs,EMG,lt1,S019,7.2797,1
v0105,noabs,EMG,lt1,S002,3.8402,0
v0105,noabs,EMG,lt1,S003,6.9664,1
v0105,noabs,EMG,lt1,S004,3.9506,0
v0105,noabs,EMG,lt1,S006,3.003,0
v0105,noabs,EMG,lt1,S008,3.629,0
v0105,noabs,EMG,lt1,S009,7.9742,1
v0105,noabs,EMG,lt1,S010,6.9698,1
v0105,noabs,EMG,lt1,S011,3.98,0
v0105,noabs,EMG,lt1,S013,5.793,1
v0105,noabs,EMG,lt1,S014,4.8641,0
v0105,noabs,EMG,lt1,S016,3.9747,0
v0105,noabs,EMG,lt1,S017,4.4748,1
v0105,noabs,EMG,lt1,S018,4.6233,0
v0105,noabs,EMG,lt1,S019,7.2943,1
v0105,with_abs,NIRS,lt1,S002,3.4625,0
v0105,with_abs,NIRS,lt1,S003,6.7178,1
v0105,with_abs,NIRS,lt1,S004,4.1625,0
v0105,with_abs,NIRS,lt1,S006,2.9384,0
v0105,with_abs,NIRS,lt1,S008,4.0599,0
v0105,with_abs,NIRS,lt1,S009,7.3492,1
v0105,with_abs,NIRS,lt1,S010,6.6917,1
v0105,with_abs,NIRS,lt1,S011,3.8524,0
v0105,with_abs,NIRS,lt1,S013,5.3345,1
v0105,with_abs,NIRS,lt1,S014,4.7123,0
v0105,with_abs,NIRS,lt1,S016,3.9504,0
v0105,with_abs,NIRS,lt1,S017,4.5872,1
v0105,with_abs,NIRS,lt1,S018,4.5113,0
v0105,with_abs,NIRS,lt1,S019,7.0657,1
v0105,noabs,NIRS,lt1,S002,3.4477,0
v0105,noabs,NIRS,lt1,S003,6.6801,1
v0105,noabs,NIRS,lt1,S004,4.2739,0
v0105,noabs,NIRS,lt1,S006,2.9478,0
v0105,noabs,NIRS,lt1,S008,3.9508,0
v0105,noabs,NIRS,lt1,S009,7.4648,1
v0105,noabs,NIRS,lt1,S010,6.5779,1
v0105,noabs,NIRS,lt1,S011,3.8693,0
v0105,noabs,NIRS,lt1,S013,5.549,1
v0105,noabs,NIRS,lt1,S014,4.7711,0
v0105,noabs,NIRS,lt1,S016,4.0576,0
v0105,noabs,NIRS,lt1,S017,4.7663,1
v0105,noabs,NIRS,lt1,S018,4.5432,0
v0105,noabs,NIRS,lt1,S019,7.2746,1
v0105,with_abs,EMG+NIRS,lt1,S002,3.6964,0
v0105,with_abs,EMG+NIRS,lt1,S003,6.8972,1
v0105,with_abs,EMG+NIRS,lt1,S004,3.9263,0
v0105,with_abs,EMG+NIRS,lt1,S006,2.9503,0
v0105,with_abs,EMG+NIRS,lt1,S008,3.6599,0
v0105,with_abs,EMG+NIRS,lt1,S009,7.9545,1
v0105,with_abs,EMG+NIRS,lt1,S010,6.6818,1
v0105,with_abs,EMG+NIRS,lt1,S011,4.0016,0
v0105,with_abs,EMG+NIRS,lt1,S013,5.7114,1
v0105,with_abs,EMG+NIRS,lt1,S014,4.8424,0
v0105,with_abs,EMG+NIRS,lt1,S016,3.9951,0
v0105,with_abs,EMG+NIRS,lt1,S017,4.7697,1
v0105,with_abs,EMG+NIRS,lt1,S018,4.6252,0
v0105,with_abs,EMG+NIRS,lt1,S019,7.2542,1
v0105,noabs,EMG+NIRS,lt1,S002,3.6478,0
v0105,noabs,EMG+NIRS,lt1,S003,6.5009,1
v0105,noabs,EMG+NIRS,lt1,S004,3.9503,0
v0105,noabs,EMG+NIRS,lt1,S006,2.985,0
v0105,noabs,EMG+NIRS,lt1,S008,3.5925,0
v0105,noabs,EMG+NIRS,lt1,S009,7.9387,1
v0105,noabs,EMG+NIRS,lt1,S010,6.4858,1
v0105,noabs,EMG+NIRS,lt1,S011,4.0322,0
v0105,noabs,EMG+NIRS,lt1,S013,5.7313,1
v0105,noabs,EMG+NIRS,lt1,S014,5.0211,0
v0105,noabs,EMG+NIRS,lt1,S016,3.9964,0
v0105,noabs,EMG+NIRS,lt1,S017,4.5931,1
v0105,noabs,EMG+NIRS,lt1,S018,4.6289,0
v0105,noabs,EMG+NIRS,lt1,S019,7.2142,1
v0105,with_abs,EMG+NIRS+HRV,lt1,S002,3.6449,0
v0105,with_abs,EMG+NIRS+HRV,lt1,S003,7.0,1
v0105,with_abs,EMG+NIRS+HRV,lt1,S004,3.9071,0
v0105,with_abs,EMG+NIRS+HRV,lt1,S006,2.9478,0
v0105,with_abs,EMG+NIRS+HRV,lt1,S008,3.6402,0
v0105,with_abs,EMG+NIRS+HRV,lt1,S009,7.6301,1
v0105,with_abs,EMG+NIRS+HRV,lt1,S010,6.669,1
v0105,with_abs,EMG+NIRS+HRV,lt1,S011,3.959,0
v0105,with_abs,EMG+NIRS+HRV,lt1,S013,5.7702,1
v0105,with_abs,EMG+NIRS+HRV,lt1,S014,4.9976,0
v0105,with_abs,EMG+NIRS+HRV,lt1,S016,4.1072,0
v0105,with_abs,EMG+NIRS+HRV,lt1,S017,4.7321,1
v0105,with_abs,EMG+NIRS+HRV,lt1,S018,4.5628,0
v0105,with_abs,EMG+NIRS+HRV,lt1,S019,7.25,1
v0105,noabs,EMG+NIRS+HRV,lt1,S002,3.6621,0
v0105,noabs,EMG+NIRS+HRV,lt1,S003,6.8907,1
v0105,noabs,EMG+NIRS+HRV,lt1,S004,3.8937,0
v0105,noabs,EMG+NIRS+HRV,lt1,S006,3.0011,0
v0105,noabs,EMG+NIRS+HRV,lt1,S008,3.5867,0
v0105,noabs,EMG+NIRS+HRV,lt1,S009,7.6923,1
v0105,noabs,EMG+NIRS+HRV,lt1,S010,6.468,1
v0105,noabs,EMG+NIRS+HRV,lt1,S011,3.9844,0
v0105,noabs,EMG+NIRS+HRV,lt1,S013,5.7481,1
v0105,noabs,EMG+NIRS+HRV,lt1,S014,4.8896,0
v0105,noabs,EMG+NIRS+HRV,lt1,S016,4.0469,0
v0105,noabs,EMG+NIRS+HRV,lt1,S017,4.7219,1
v0105,noabs,EMG+NIRS+HRV,lt1,S018,4.6657,0
v0105,noabs,EMG+NIRS+HRV,lt1,S019,7.0455,1
v0105,with_abs,EMG,lt2,S001,5.365,0
v0105,with_abs,EMG,lt2,S002,3.339,0
v0105,with_abs,EMG,lt2,S003,6.4445,1
v0105,with_abs,EMG,lt2,S004,3.5821,0
v0105,with_abs,EMG,lt2,S005,5.8124,0
v0105,with_abs,EMG,lt2,S006,2.9581,0
v0105,with_abs,EMG,lt2,S008,3.2845,0
v0105,with_abs,EMG,lt2,S009,8.6235,1
v0105,with_abs,EMG,lt2,S010,6.7955,1
v0105,with_abs,EMG,lt2,S011,3.9016,0
v0105,with_abs,EMG,lt2,S012,3.5699,0
v0105,with_abs,EMG,lt2,S013,5.8842,1
v0105,with_abs,EMG,lt2,S014,4.8018,0
v0105,with_abs,EMG,lt2,S016,3.9186,0
v0105,with_abs,EMG,lt2,S017,4.6294,1
v0105,with_abs,EMG,lt2,S019,7.1994,1
v0105,noabs,EMG,lt2,S001,5.2549,0
v0105,noabs,EMG,lt2,S002,3.3632,0
v0105,noabs,EMG,lt2,S003,6.4035,1
v0105,noabs,EMG,lt2,S004,3.5676,0
v0105,noabs,EMG,lt2,S005,6.051,0
v0105,noabs,EMG,lt2,S006,3.0136,0
v0105,noabs,EMG,lt2,S008,3.3424,0
v0105,noabs,EMG,lt2,S009,8.4668,1
v0105,noabs,EMG,lt2,S010,6.8875,1
v0105,noabs,EMG,lt2,S011,3.9241,0
v0105,noabs,EMG,lt2,S012,3.5111,0
v0105,noabs,EMG,lt2,S013,5.4868,1
v0105,noabs,EMG,lt2,S014,4.8028,0
v0105,noabs,EMG,lt2,S016,3.9151,0
v0105,noabs,EMG,lt2,S017,4.585,1
v0105,noabs,EMG,lt2,S019,7.0632,1
v0105,with_abs,NIRS,lt2,S001,5.5549,0
v0105,with_abs,NIRS,lt2,S002,3.2198,0
v0105,with_abs,NIRS,lt2,S003,6.6656,1
v0105,with_abs,NIRS,lt2,S004,3.5586,0
v0105,with_abs,NIRS,lt2,S005,6.0822,0
v0105,with_abs,NIRS,lt2,S006,3.0297,0
v0105,with_abs,NIRS,lt2,S008,3.3798,0
v0105,with_abs,NIRS,lt2,S009,8.0143,1
v0105,with_abs,NIRS,lt2,S010,6.75,1
v0105,with_abs,NIRS,lt2,S011,4.03,0
v0105,with_abs,NIRS,lt2,S012,3.5268,0
v0105,with_abs,NIRS,lt2,S013,5.4821,1
v0105,with_abs,NIRS,lt2,S014,4.7542,0
v0105,with_abs,NIRS,lt2,S016,3.9851,0
v0105,with_abs,NIRS,lt2,S017,4.5662,1
v0105,with_abs,NIRS,lt2,S019,7.3843,1
v0105,noabs,NIRS,lt2,S001,5.4216,0
v0105,noabs,NIRS,lt2,S002,3.4005,0
v0105,noabs,NIRS,lt2,S003,6.3207,1
v0105,noabs,NIRS,lt2,S004,3.4811,0
v0105,noabs,NIRS,lt2,S005,5.9427,0
v0105,noabs,NIRS,lt2,S006,2.9823,0
v0105,noabs,NIRS,lt2,S008,3.3399,0
v0105,noabs,NIRS,lt2,S009,7.9095,1
v0105,noabs,NIRS,lt2,S010,6.7014,1
v0105,noabs,NIRS,lt2,S011,4.044,0
v0105,noabs,NIRS,lt2,S012,3.4976,0
v0105,noabs,NIRS,lt2,S013,5.7813,1
v0105,noabs,NIRS,lt2,S014,4.891,0
v0105,noabs,NIRS,lt2,S016,3.9912,0
v0105,noabs,NIRS,lt2,S017,4.5861,1
v0105,noabs,NIRS,lt2,S019,7.2094,1
v0105,with_abs,EMG+NIRS,lt2,S001,5.3948,0
v0105,with_abs,EMG+NIRS,lt2,S002,3.3926,0
v0105,with_abs,EMG+NIRS,lt2,S003,6.1559,1
v0105,with_abs,EMG+NIRS,lt2,S004,3.5132,0
v0105,with_abs,EMG+NIRS,lt2,S005,5.9767,0
v0105,with_abs,EMG+NIRS,lt2,S006,2.9442,0
v0105,with_abs,EMG+NIRS,lt2,S008,3.364,0
v0105,with_abs,EMG+NIRS,lt2,S009,8.4728,1
v0105,with_abs,EMG+NIRS,lt2,S010,6.7341,1
v0105,with_abs,EMG+NIRS,lt2,S011,3.8745,0
v0105,with_abs,EMG+NIRS,lt2,S012,3.5934,0
v0105,with_abs,EMG+NIRS,lt2,S013,5.4538,1
v0105,with_abs,EMG+NIRS,lt2,S014,4.9475,0
v0105,with_abs,EMG+NIRS,lt2,S016,3.9465,0
v0105,with_abs,EMG+NIRS,lt2,S017,4.6495,1
v0105,with_abs,EMG+NIRS,lt2,S019,7.1348,1
v0105,noabs,EMG+NIRS,lt2,S001,5.2801,0
v0105,noabs,EMG+NIRS,lt2,S002,3.3172,0
v0105,noabs,EMG+NIRS,lt2,S003,6.3693,1
v0105,noabs,EMG+NIRS,lt2,S004,3.5188,0
v0105,noabs,EMG+NIRS,lt2,S005,5.93,0
v0105,noabs,EMG+NIRS,lt2,S006,3.045,0
v0105,noabs,EMG+NIRS,lt2,S008,3.3563,0
v0105,noabs,EMG+NIRS,lt2,S009,8.3302,1
v0105,noabs,EMG+NIRS,lt2,S010,6.6988,1
v0105,noabs,EMG+NIRS,lt2,S011,3.9196,0
v0105,noabs,EMG+NIRS,lt2,S012,3.573,0
v0105,noabs,EMG+NIRS,lt2,S013,5.546,1
v0105,noabs,EMG+NIRS,lt2,S014,4.8998,0
v0105,noabs,EMG+NIRS,lt2,S016,3.9022,0
v0105,noabs,EMG+NIRS,lt2,S017,4.6866,1
v0105,noabs,EMG+NIRS,lt2,S019,7.1358,1
v0105,with_abs,EMG+NIRS+HRV,lt2,S001,5.3684,0
v0105,with_abs,EMG+NIRS+HRV,lt2,S002,3.3793,0
v0105,with_abs,EMG+NIRS+HRV,lt2,S003,6.6023,1
v0105,with_abs,EMG+NIRS+HRV,lt2,S004,3.5241,0
v0105,with_abs,EMG+NIRS+HRV,lt2,S005,5.8208,0
v0105,with_abs,EMG+NIRS+HRV,lt2,S006,2.9653,0
v0105,with_abs,EMG+NIRS+HRV,lt2,S008,3.3285,0
v0105,with_abs,EMG+NIRS+HRV,lt2,S009,8.2653,1
v0105,with_abs,EMG+NIRS+HRV,lt2,S010,6.78,1
v0105,with_abs,EMG+NIRS+HRV,lt2,S011,3.9495,0
v0105,with_abs,EMG+NIRS+HRV,lt2,S012,3.6162,0
v0105,with_abs,EMG+NIRS+HRV,lt2,S013,5.6746,1
v0105,with_abs,EMG+NIRS+HRV,lt2,S014,4.8572,0
v0105,with_abs,EMG+NIRS+HRV,lt2,S016,3.9657,0
v0105,with_abs,EMG+NIRS+HRV,lt2,S017,4.5526,1
v0105,with_abs,EMG+NIRS+HRV,lt2,S019,6.4534,1
v0105,noabs,EMG+NIRS+HRV,lt2,S001,5.4109,0
v0105,noabs,EMG+NIRS+HRV,lt2,S002,3.3314,0
v0105,noabs,EMG+NIRS+HRV,lt2,S003,6.3497,1
v0105,noabs,EMG+NIRS+HRV,lt2,S004,3.5484,0
v0105,noabs,EMG+NIRS+HRV,lt2,S005,6.0456,0
v0105,noabs,EMG+NIRS+HRV,lt2,S006,3.0357,0
v0105,noabs,EMG+NIRS+HRV,lt2,S008,3.2687,0
v0105,noabs,EMG+NIRS+HRV,lt2,S009,7.9429,1
v0105,noabs,EMG+NIRS+HRV,lt2,S010,6.9455,1
v0105,noabs,EMG+NIRS+HRV,lt2,S011,3.9014,0
v0105,noabs,EMG+NIRS+HRV,lt2,S012,3.5773,0
v0105,noabs,EMG+NIRS+HRV,lt2,S013,5.6055,1
v0105,noabs,EMG+NIRS+HRV,lt2,S014,4.9062,0
v0105,noabs,EMG+NIRS+HRV,lt2,S016,3.9966,0
v0105,noabs,EMG+NIRS+HRV,lt2,S017,4.6584,1
v0105,noabs,EMG+NIRS+HRV,lt2,S019,6.7748,1
v0106a,with_abs,EMG,lt1,S002,2.9205,0
v0106a,with_abs,EMG,lt1,S003,6.5242,1
v0106a,with_abs,EMG,lt1,S004,4.1852,0
v0106a,with_abs,EMG,lt1,S006,2.5855,0
v0106a,with_abs,EMG,lt1,S008,4.0999,0
v0106a,with_abs,EMG,lt1,S009,7.7075,1
v0106a,with_abs,EMG,lt1,S010,6.5156,1
v0106a,with_abs,EMG,lt1,S011,3.2145,0
v0106a,with_abs,EMG,lt1,S013,5.1092,1
v0106a,with_abs,EMG,lt1,S014,4.0171,0
v0106a,with_abs,EMG,lt1,S016,3.2836,0
v0106a,with_abs,EMG,lt1,S017,4.2975,1
v0106a,with_abs,EMG,lt1,S018,4.7268,0
v0106a,with_abs,EMG,lt1,S019,7.1465,1
v0106a,noabs,EMG,lt1,S002,3.0343,0
v0106a,noabs,EMG,lt1,S003,6.5014,1
v0106a,noabs,EMG,lt1,S004,5.0964,0
v0106a,noabs,EMG,lt1,S006,2.5752,0
v0106a,noabs,EMG,lt1,S008,4.1179,0
v0106a,noabs,EMG,lt1,S009,7.7422,1
v0106a,noabs,EMG,lt1,S010,6.5956,1
v0106a,noabs,EMG,lt1,S011,3.2185,0
v0106a,noabs,EMG,lt1,S013,5.1867,1
v0106a,noabs,EMG,lt1,S014,4.0608,0
v0106a,noabs,EMG,lt1,S016,3.2677,0
v0106a,noabs,EMG,lt1,S017,4.1998,1
v0106a,noabs,EMG,lt1,S018,4.7377,0
v0106a,noabs,EMG,lt1,S019,7.2458,1
v0106a,with_abs,NIRS,lt1,S002,3.4983,0
v0106a,with_abs,NIRS,lt1,S003,6.739,1
v0106a,with_abs,NIRS,lt1,S004,3.9125,0
v0106a,with_abs,NIRS,lt1,S006,3.0095,0
v0106a,with_abs,NIRS,lt1,S008,4.0621,0
v0106a,with_abs,NIRS,lt1,S009,7.6542,1
v0106a,with_abs,NIRS,lt1,S010,6.9497,1
v0106a,with_abs,NIRS,lt1,S011,3.8124,0
v0106a,with_abs,NIRS,lt1,S013,5.4886,1
v0106a,with_abs,NIRS,lt1,S014,4.7231,0
v0106a,with_abs,NIRS,lt1,S016,3.9192,0
v0106a,with_abs,NIRS,lt1,S017,4.4484,1
v0106a,with_abs,NIRS,lt1,S018,4.5219,0
v0106a,with_abs,NIRS,lt1,S019,7.3557,1
v0106a,noabs,NIRS,lt1,S002,2.9103,0
v0106a,noabs,NIRS,lt1,S003,6.7201,1
v0106a,noabs,NIRS,lt1,S004,4.1897,0
v0106a,noabs,NIRS,lt1,S006,3.016,0
v0106a,noabs,NIRS,lt1,S008,4.0709,0
v0106a,noabs,NIRS,lt1,S009,7.8255,1
v0106a,noabs,NIRS,lt1,S010,6.807,1
v0106a,noabs,NIRS,lt1,S011,3.8127,0
v0106a,noabs,NIRS,lt1,S013,5.5209,1
v0106a,noabs,NIRS,lt1,S014,4.7322,0
v0106a,noabs,NIRS,lt1,S016,3.92,0
v0106a,noabs,NIRS,lt1,S017,4.6465,1
v0106a,noabs,NIRS,lt1,S018,4.5297,0
v0106a,noabs,NIRS,lt1,S019,7.3596,1
v0106a,with_abs,EMG+NIRS,lt1,S002,2.98,0
v0106a,with_abs,EMG+NIRS,lt1,S003,6.6966,1
v0106a,with_abs,EMG+NIRS,lt1,S004,4.4188,0
v0106a,with_abs,EMG+NIRS,lt1,S006,2.8287,0
v0106a,with_abs,EMG+NIRS,lt1,S008,4.1462,0
v0106a,with_abs,EMG+NIRS,lt1,S009,7.574,1
v0106a,with_abs,EMG+NIRS,lt1,S010,6.6143,1
v0106a,with_abs,EMG+NIRS,lt1,S011,3.2061,0
v0106a,with_abs,EMG+NIRS,lt1,S013,5.2901,1
v0106a,with_abs,EMG+NIRS,lt1,S014,4.0207,0
v0106a,with_abs,EMG+NIRS,lt1,S016,3.3185,0
v0106a,with_abs,EMG+NIRS,lt1,S017,4.2127,1
v0106a,with_abs,EMG+NIRS,lt1,S018,4.5456,0
v0106a,with_abs,EMG+NIRS,lt1,S019,7.2852,1
v0106a,noabs,EMG+NIRS,lt1,S002,3.0266,0
v0106a,noabs,EMG+NIRS,lt1,S003,6.6887,1
v0106a,noabs,EMG+NIRS,lt1,S004,4.8344,0
v0106a,noabs,EMG+NIRS,lt1,S006,2.6954,0
v0106a,noabs,EMG+NIRS,lt1,S008,4.1374,0
v0106a,noabs,EMG+NIRS,lt1,S009,7.6518,1
v0106a,noabs,EMG+NIRS,lt1,S010,6.6181,1
v0106a,noabs,EMG+NIRS,lt1,S011,3.1769,0
v0106a,noabs,EMG+NIRS,lt1,S013,5.3656,1
v0106a,noabs,EMG+NIRS,lt1,S014,3.9661,0
v0106a,noabs,EMG+NIRS,lt1,S016,3.1932,0
v0106a,noabs,EMG+NIRS,lt1,S017,4.2478,1
v0106a,noabs,EMG+NIRS,lt1,S018,4.6044,0
v0106a,noabs,EMG+NIRS,lt1,S019,7.168,1
v0106a,with_abs,EMG+NIRS+HRV,lt1,S002,2.7815,0
v0106a,with_abs,EMG+NIRS+HRV,lt1,S003,6.7125,1
v0106a,with_abs,EMG+NIRS+HRV,lt1,S004,4.151,0
v0106a,with_abs,EMG+NIRS+HRV,lt1,S006,2.6276,0
v0106a,with_abs,EMG+NIRS+HRV,lt1,S008,4.1933,0
v0106a,with_abs,EMG+NIRS+HRV,lt1,S009,7.8156,1
v0106a,with_abs,EMG+NIRS+HRV,lt1,S010,6.4151,1
v0106a,with_abs,EMG+NIRS+HRV,lt1,S011,3.2131,0
v0106a,with_abs,EMG+NIRS+HRV,lt1,S013,5.2933,1
v0106a,with_abs,EMG+NIRS+HRV,lt1,S014,3.8577,0
v0106a,with_abs,EMG+NIRS+HRV,lt1,S016,3.3957,0
v0106a,with_abs,EMG+NIRS+HRV,lt1,S017,4.0249,1
v0106a,with_abs,EMG+NIRS+HRV,lt1,S018,3.7233,0
v0106a,with_abs,EMG+NIRS+HRV,lt1,S019,7.2481,1
v0106a,noabs,EMG+NIRS+HRV,lt1,S002,2.7769,0
v0106a,noabs,EMG+NIRS+HRV,lt1,S003,6.7597,1
v0106a,noabs,EMG+NIRS+HRV,lt1,S004,3.8032,0
v0106a,noabs,EMG+NIRS+HRV,lt1,S006,2.6698,0
v0106a,noabs,EMG+NIRS+HRV,lt1,S008,4.1566,0
v0106a,noabs,EMG+NIRS+HRV,lt1,S009,7.9248,1
v0106a,noabs,EMG+NIRS+HRV,lt1,S010,6.4439,1
v0106a,noabs,EMG+NIRS+HRV,lt1,S011,3.2157,0
v0106a,noabs,EMG+NIRS+HRV,lt1,S013,5.3121,1
v0106a,noabs,EMG+NIRS+HRV,lt1,S014,3.945,0
v0106a,noabs,EMG+NIRS+HRV,lt1,S016,3.253,0
v0106a,noabs,EMG+NIRS+HRV,lt1,S017,4.0794,1
v0106a,noabs,EMG+NIRS+HRV,lt1,S018,3.6971,0
v0106a,noabs,EMG+NIRS+HRV,lt1,S019,7.1624,1
v0106a,with_abs,EMG,lt2,S001,4.52,0
v0106a,with_abs,EMG,lt2,S002,3.7259,0
v0106a,with_abs,EMG,lt2,S003,6.4544,1
v0106a,with_abs,EMG,lt2,S004,3.5358,0
v0106a,with_abs,EMG,lt2,S005,4.6631,0
v0106a,with_abs,EMG,lt2,S006,2.5339,0
v0106a,with_abs,EMG,lt2,S008,4.2644,0
v0106a,with_abs,EMG,lt2,S009,9.1967,1
v0106a,with_abs,EMG,lt2,S010,7.5305,1
v0106a,with_abs,EMG,lt2,S011,3.37,0
v0106a,with_abs,EMG,lt2,S012,2.6439,0
v0106a,with_abs,EMG,lt2,S013,5.6695,1
v0106a,with_abs,EMG,lt2,S014,3.9687,0
v0106a,with_abs,EMG,lt2,S015,3.1533,0
v0106a,with_abs,EMG,lt2,S016,3.3216,0
v0106a,with_abs,EMG,lt2,S017,5.3847,1
v0106a,with_abs,EMG,lt2,S018,4.9738,0
v0106a,with_abs,EMG,lt2,S019,7.1878,1
v0106a,noabs,EMG,lt2,S001,4.4973,0
v0106a,noabs,EMG,lt2,S002,3.5033,0
v0106a,noabs,EMG,lt2,S003,6.3941,1
v0106a,noabs,EMG,lt2,S004,3.6457,0
v0106a,noabs,EMG,lt2,S005,4.6267,0
v0106a,noabs,EMG,lt2,S006,2.5246,0
v0106a,noabs,EMG,lt2,S008,4.2205,0
v0106a,noabs,EMG,lt2,S009,9.2686,1
v0106a,noabs,EMG,lt2,S010,7.5296,1
v0106a,noabs,EMG,lt2,S011,3.2445,0
v0106a,noabs,EMG,lt2,S012,2.7382,0
v0106a,noabs,EMG,lt2,S013,5.5647,1
v0106a,noabs,EMG,lt2,S014,4.0151,0
v0106a,noabs,EMG,lt2,S015,3.1229,0
v0106a,noabs,EMG,lt2,S016,3.3161,0
v0106a,noabs,EMG,lt2,S017,5.1794,1
v0106a,noabs,EMG,lt2,S018,5.1734,0
v0106a,noabs,EMG,lt2,S019,7.1717,1
v0106a,with_abs,NIRS,lt2,S001,4.9503,0
v0106a,with_abs,NIRS,lt2,S002,3.9793,0
v0106a,with_abs,NIRS,lt2,S003,6.9473,1
v0106a,with_abs,NIRS,lt2,S004,3.7878,0
v0106a,with_abs,NIRS,lt2,S005,5.0876,0
v0106a,with_abs,NIRS,lt2,S006,2.9973,0
v0106a,with_abs,NIRS,lt2,S008,4.0655,0
v0106a,with_abs,NIRS,lt2,S009,9.984,1
v0106a,with_abs,NIRS,lt2,S010,7.9936,1
v0106a,with_abs,NIRS,lt2,S011,3.83,0
v0106a,with_abs,NIRS,lt2,S012,3.0832,0
v0106a,with_abs,NIRS,lt2,S013,6.0106,1
v0106a,with_abs,NIRS,lt2,S014,4.718,0
v0106a,with_abs,NIRS,lt2,S015,3.2372,0
v0106a,with_abs,NIRS,lt2,S016,4.1416,0
v0106a,with_abs,NIRS,lt2,S017,5.2708,1
v0106a,with_abs,NIRS,lt2,S018,5.0203,0
v0106a,with_abs,NIRS,lt2,S019,7.6574,1
v0106a,noabs,NIRS,lt2,S001,4.9502,0
v0106a,noabs,NIRS,lt2,S002,3.9648,0
v0106a,noabs,NIRS,lt2,S003,7.0914,1
v0106a,noabs,NIRS,lt2,S004,3.5164,0
v0106a,noabs,NIRS,lt2,S005,5.0998,0
v0106a,noabs,NIRS,lt2,S006,2.595,0
v0106a,noabs,NIRS,lt2,S008,4.2548,0
v0106a,noabs,NIRS,lt2,S009,9.3562,1
v0106a,noabs,NIRS,lt2,S010,8.0991,1
v0106a,noabs,NIRS,lt2,S011,3.8363,0
v0106a,noabs,NIRS,lt2,S012,3.0257,0
v0106a,noabs,NIRS,lt2,S013,6.0349,1
v0106a,noabs,NIRS,lt2,S014,4.3275,0
v0106a,noabs,NIRS,lt2,S015,3.054,0
v0106a,noabs,NIRS,lt2,S016,3.978,0
v0106a,noabs,NIRS,lt2,S017,5.4269,1
v0106a,noabs,NIRS,lt2,S018,5.3794,0
v0106a,noabs,NIRS,lt2,S019,7.7007,1
v0106a,with_abs,EMG+NIRS,lt2,S001,4.6813,0
v0106a,with_abs,EMG+NIRS,lt2,S002,3.5203,0
v0106a,with_abs,EMG+NIRS,lt2,S003,6.5274,1
v0106a,with_abs,EMG+NIRS,lt2,S004,3.1224,0
v0106a,with_abs,EMG+NIRS,lt2,S005,4.8397,0
v0106a,with_abs,EMG+NIRS,lt2,S006,2.6245,0
v0106a,with_abs,EMG+NIRS,lt2,S008,4.08,0
v0106a,with_abs,EMG+NIRS,lt2,S009,9.2834,1
v0106a,with_abs,EMG+NIRS,lt2,S010,7.4784,1
v0106a,with_abs,EMG+NIRS,lt2,S011,3.2422,0
v0106a,with_abs,EMG+NIRS,lt2,S012,2.5965,0
v0106a,with_abs,EMG+NIRS,lt2,S013,5.6556,1
v0106a,with_abs,EMG+NIRS,lt2,S014,3.9181,0
v0106a,with_abs,EMG+NIRS,lt2,S015,2.9791,0
v0106a,with_abs,EMG+NIRS,lt2,S016,3.2746,0
v0106a,with_abs,EMG+NIRS,lt2,S017,5.4083,1
v0106a,with_abs,EMG+NIRS,lt2,S018,5.1424,0
v0106a,with_abs,EMG+NIRS,lt2,S019,7.4297,1
v0106a,noabs,EMG+NIRS,lt2,S001,4.8921,0
v0106a,noabs,EMG+NIRS,lt2,S002,3.9038,0
v0106a,noabs,EMG+NIRS,lt2,S003,6.5751,1
v0106a,noabs,EMG+NIRS,lt2,S004,3.2556,0
v0106a,noabs,EMG+NIRS,lt2,S005,4.7817,0
v0106a,noabs,EMG+NIRS,lt2,S006,2.6343,0
v0106a,noabs,EMG+NIRS,lt2,S008,4.0789,0
v0106a,noabs,EMG+NIRS,lt2,S009,9.2871,1
v0106a,noabs,EMG+NIRS,lt2,S010,7.4577,1
v0106a,noabs,EMG+NIRS,lt2,S011,3.1614,0
v0106a,noabs,EMG+NIRS,lt2,S012,2.5332,0
v0106a,noabs,EMG+NIRS,lt2,S013,5.4825,1
v0106a,noabs,EMG+NIRS,lt2,S014,3.8379,0
v0106a,noabs,EMG+NIRS,lt2,S015,3.0499,0
v0106a,noabs,EMG+NIRS,lt2,S016,3.4415,0
v0106a,noabs,EMG+NIRS,lt2,S017,4.9343,1
v0106a,noabs,EMG+NIRS,lt2,S018,4.9553,0
v0106a,noabs,EMG+NIRS,lt2,S019,7.3711,1
v0106a,with_abs,EMG+NIRS+HRV,lt2,S001,4.325,0
v0106a,with_abs,EMG+NIRS+HRV,lt2,S002,3.5915,0
v0106a,with_abs,EMG+NIRS+HRV,lt2,S003,6.687,1
v0106a,with_abs,EMG+NIRS+HRV,lt2,S004,3.1193,0
v0106a,with_abs,EMG+NIRS+HRV,lt2,S005,4.5398,0
v0106a,with_abs,EMG+NIRS+HRV,lt2,S006,2.5555,0
v0106a,with_abs,EMG+NIRS+HRV,lt2,S008,4.0017,0
v0106a,with_abs,EMG+NIRS+HRV,lt2,S009,9.0001,1
v0106a,with_abs,EMG+NIRS+HRV,lt2,S010,7.4257,1
v0106a,with_abs,EMG+NIRS+HRV,lt2,S011,3.1764,0
v0106a,with_abs,EMG+NIRS+HRV,lt2,S012,2.6486,0
v0106a,with_abs,EMG+NIRS+HRV,lt2,S013,5.6482,1
v0106a,with_abs,EMG+NIRS+HRV,lt2,S014,3.8865,0
v0106a,with_abs,EMG+NIRS+HRV,lt2,S015,2.917,0
v0106a,with_abs,EMG+NIRS+HRV,lt2,S016,3.4964,0
v0106a,with_abs,EMG+NIRS+HRV,lt2,S017,4.8823,1
v0106a,with_abs,EMG+NIRS+HRV,lt2,S018,4.7542,0
v0106a,with_abs,EMG+NIRS+HRV,lt2,S019,7.0849,1
v0106a,noabs,EMG+NIRS+HRV,lt2,S001,4.5224,0
v0106a,noabs,EMG+NIRS+HRV,lt2,S002,3.6973,0
v0106a,noabs,EMG+NIRS+HRV,lt2,S003,6.5989,1
v0106a,noabs,EMG+NIRS+HRV,lt2,S004,3.1044,0
v0106a,noabs,EMG+NIRS+HRV,lt2,S005,4.9521,0
v0106a,noabs,EMG+NIRS+HRV,lt2,S006,2.5917,0
v0106a,noabs,EMG+NIRS+HRV,lt2,S008,4.0562,0
v0106a,noabs,EMG+NIRS+HRV,lt2,S009,9.0664,1
v0106a,noabs,EMG+NIRS+HRV,lt2,S010,7.3967,1
v0106a,noabs,EMG+NIRS+HRV,lt2,S011,3.1437,0
v0106a,noabs,EMG+NIRS+HRV,lt2,S012,2.6201,0
v0106a,noabs,EMG+NIRS+HRV,lt2,S013,5.4823,1
v0106a,noabs,EMG+NIRS+HRV,lt2,S014,3.8623,0
v0106a,noabs,EMG+NIRS+HRV,lt2,S015,2.9993,0
v0106a,noabs,EMG+NIRS+HRV,lt2,S016,3.5151,0
v0106a,noabs,EMG+NIRS+HRV,lt2,S017,5.0297,1
v0106a,noabs,EMG+NIRS+HRV,lt2,S018,4.7931,0
v0106a,noabs,EMG+NIRS+HRV,lt2,S019,7.1086,1
v0106b,with_abs,EMG,lt1,S002,3.0108,0
v0106b,with_abs,EMG,lt1,S003,5.3727,1
v0106b,with_abs,EMG,lt1,S004,5.7449,0
v0106b,with_abs,EMG,lt1,S006,1.4549,0
v0106b,with_abs,EMG,lt1,S008,3.6197,0
v0106b,with_abs,EMG,lt1,S009,6.1679,1
v0106b,with_abs,EMG,lt1,S010,5.585,1
v0106b,with_abs,EMG,lt1,S011,2.2926,0
v0106b,with_abs,EMG,lt1,S013,4.1243,1
v0106b,with_abs,EMG,lt1,S014,3.1694,0
v0106b,with_abs,EMG,lt1,S016,1.9457,0
v0106b,with_abs,EMG,lt1,S017,4.0314,1
v0106b,with_abs,EMG,lt1,S018,3.5102,0
v0106b,with_abs,EMG,lt1,S019,5.1211,1
v0106b,noabs,EMG,lt1,S002,2.9356,0
v0106b,noabs,EMG,lt1,S003,5.2089,1
v0106b,noabs,EMG,lt1,S004,4.2482,0
v0106b,noabs,EMG,lt1,S006,1.4823,0
v0106b,noabs,EMG,lt1,S008,3.9266,0
v0106b,noabs,EMG,lt1,S009,5.6565,1
v0106b,noabs,EMG,lt1,S010,5.346,1
v0106b,noabs,EMG,lt1,S011,2.2997,0
v0106b,noabs,EMG,lt1,S013,4.145,1
v0106b,noabs,EMG,lt1,S014,3.3078,0
v0106b,noabs,EMG,lt1,S016,1.9257,0
v0106b,noabs,EMG,lt1,S017,3.8584,1
v0106b,noabs,EMG,lt1,S018,3.9049,0
v0106b,noabs,EMG,lt1,S019,5.5366,1
v0106b,with_abs,NIRS,lt1,S002,3.652,0
v0106b,with_abs,NIRS,lt1,S003,6.5332,1
v0106b,with_abs,NIRS,lt1,S004,4.3198,0
v0106b,with_abs,NIRS,lt1,S006,2.7281,0
v0106b,with_abs,NIRS,lt1,S008,3.7964,0
v0106b,with_abs,NIRS,lt1,S009,8.087,1
v0106b,with_abs,NIRS,lt1,S010,6.5456,1
v0106b,with_abs,NIRS,lt1,S011,3.7667,0
v0106b,with_abs,NIRS,lt1,S013,5.3578,1
v0106b,with_abs,NIRS,lt1,S014,4.5565,0
v0106b,with_abs,NIRS,lt1,S016,3.8183,0
v0106b,with_abs,NIRS,lt1,S017,4.6092,1
v0106b,with_abs,NIRS,lt1,S018,4.5112,0
v0106b,with_abs,NIRS,lt1,S019,7.318,1
v0106b,noabs,NIRS,lt1,S002,3.3853,0
v0106b,noabs,NIRS,lt1,S003,6.4475,1
v0106b,noabs,NIRS,lt1,S004,4.3099,0
v0106b,noabs,NIRS,lt1,S006,2.7501,0
v0106b,noabs,NIRS,lt1,S008,4.3909,0
v0106b,noabs,NIRS,lt1,S009,7.6337,1
v0106b,noabs,NIRS,lt1,S010,6.4849,1
v0106b,noabs,NIRS,lt1,S011,3.3825,0
v0106b,noabs,NIRS,lt1,S013,5.3371,1
v0106b,noabs,NIRS,lt1,S014,4.6462,0
v0106b,noabs,NIRS,lt1,S016,3.9182,0
v0106b,noabs,NIRS,lt1,S017,4.602,1
v0106b,noabs,NIRS,lt1,S018,4.5138,0
v0106b,noabs,NIRS,lt1,S019,7.5272,1
v0106b,with_abs,EMG+NIRS,lt1,S002,3.0467,0
v0106b,with_abs,EMG+NIRS,lt1,S003,4.4146,1
v0106b,with_abs,EMG+NIRS,lt1,S004,4.581,0
v0106b,with_abs,EMG+NIRS,lt1,S006,1.9285,0
v0106b,with_abs,EMG+NIRS,lt1,S008,3.4813,0
v0106b,with_abs,EMG+NIRS,lt1,S009,5.8063,1
v0106b,with_abs,EMG+NIRS,lt1,S010,5.0255,1
v0106b,with_abs,EMG+NIRS,lt1,S011,2.6162,0
v0106b,with_abs,EMG+NIRS,lt1,S013,4.1322,1
v0106b,with_abs,EMG+NIRS,lt1,S014,3.7392,0
v0106b,with_abs,EMG+NIRS,lt1,S016,1.8784,0
v0106b,with_abs,EMG+NIRS,lt1,S017,4.4156,1
v0106b,with_abs,EMG+NIRS,lt1,S018,2.801,0
v0106b,with_abs,EMG+NIRS,lt1,S019,5.1668,1
v0106b,noabs,EMG+NIRS,lt1,S002,3.1216,0
v0106b,noabs,EMG+NIRS,lt1,S003,4.3638,1
v0106b,noabs,EMG+NIRS,lt1,S004,4.4102,0
v0106b,noabs,EMG+NIRS,lt1,S006,1.7431,0
v0106b,noabs,EMG+NIRS,lt1,S008,3.5082,0
v0106b,noabs,EMG+NIRS,lt1,S009,5.7884,1
v0106b,noabs,EMG+NIRS,lt1,S010,4.9737,1
v0106b,noabs,EMG+NIRS,lt1,S011,2.4363,0
v0106b,noabs,EMG+NIRS,lt1,S013,3.693,1
v0106b,noabs,EMG+NIRS,lt1,S014,3.6979,0
v0106b,noabs,EMG+NIRS,lt1,S016,2.1833,0
v0106b,noabs,EMG+NIRS,lt1,S017,4.1397,1
v0106b,noabs,EMG+NIRS,lt1,S018,2.7824,0
v0106b,noabs,EMG+NIRS,lt1,S019,5.4665,1
v0106b,with_abs,EMG+NIRS+HRV,lt1,S002,3.2903,0
v0106b,with_abs,EMG+NIRS+HRV,lt1,S003,5.235,1
v0106b,with_abs,EMG+NIRS+HRV,lt1,S004,4.7751,0
v0106b,with_abs,EMG+NIRS+HRV,lt1,S006,1.7755,0
v0106b,with_abs,EMG+NIRS+HRV,lt1,S008,3.2425,0
v0106b,with_abs,EMG+NIRS+HRV,lt1,S009,4.6899,1
v0106b,with_abs,EMG+NIRS+HRV,lt1,S010,4.5947,1
v0106b,with_abs,EMG+NIRS+HRV,lt1,S011,2.14,0
v0106b,with_abs,EMG+NIRS+HRV,lt1,S013,3.5907,1
v0106b,with_abs,EMG+NIRS+HRV,lt1,S014,3.0624,0
v0106b,with_abs,EMG+NIRS+HRV,lt1,S016,2.5105,0
v0106b,with_abs,EMG+NIRS+HRV,lt1,S017,3.6843,1
v0106b,with_abs,EMG+NIRS+HRV,lt1,S018,1.8908,0
v0106b,with_abs,EMG+NIRS+HRV,lt1,S019,4.5961,1
v0106b,noabs,EMG+NIRS+HRV,lt1,S002,3.2086,0
v0106b,noabs,EMG+NIRS+HRV,lt1,S003,5.1561,1
v0106b,noabs,EMG+NIRS+HRV,lt1,S004,4.057,0
v0106b,noabs,EMG+NIRS+HRV,lt1,S006,1.4473,0
v0106b,noabs,EMG+NIRS+HRV,lt1,S008,3.0825,0
v0106b,noabs,EMG+NIRS+HRV,lt1,S009,5.0128,1
v0106b,noabs,EMG+NIRS+HRV,lt1,S010,4.7077,1
v0106b,noabs,EMG+NIRS+HRV,lt1,S011,2.0604,0
v0106b,noabs,EMG+NIRS+HRV,lt1,S013,3.6708,1
v0106b,noabs,EMG+NIRS+HRV,lt1,S014,3.2451,0
v0106b,noabs,EMG+NIRS+HRV,lt1,S016,2.3907,0
v0106b,noabs,EMG+NIRS+HRV,lt1,S017,3.5894,1
v0106b,noabs,EMG+NIRS+HRV,lt1,S018,2.0812,0
v0106b,noabs,EMG+NIRS+HRV,lt1,S019,4.9075,1
v0106b,with_abs,EMG,lt2,S001,3.7874,0
v0106b,with_abs,EMG,lt2,S002,4.2462,0
v0106b,with_abs,EMG,lt2,S003,4.7054,1
v0106b,with_abs,EMG,lt2,S004,4.5416,0
v0106b,with_abs,EMG,lt2,S005,4.5386,0
v0106b,with_abs,EMG,lt2,S006,1.9409,0
v0106b,with_abs,EMG,lt2,S008,3.3519,0
v0106b,with_abs,EMG,lt2,S009,6.8977,1
v0106b,with_abs,EMG,lt2,S010,5.0382,1
v0106b,with_abs,EMG,lt2,S011,2.0234,0
v0106b,with_abs,EMG,lt2,S012,4.9265,0
v0106b,with_abs,EMG,lt2,S013,4.9346,1
v0106b,with_abs,EMG,lt2,S014,2.9034,0
v0106b,with_abs,EMG,lt2,S015,5.2291,0
v0106b,with_abs,EMG,lt2,S016,2.0208,0
v0106b,with_abs,EMG,lt2,S017,3.6476,1
v0106b,with_abs,EMG,lt2,S018,7.7515,0
v0106b,with_abs,EMG,lt2,S019,5.3875,1
v0106b,noabs,EMG,lt2,S001,3.9165,0
v0106b,noabs,EMG,lt2,S002,4.2854,0
v0106b,noabs,EMG,lt2,S003,4.7876,1
v0106b,noabs,EMG,lt2,S004,4.4085,0
v0106b,noabs,EMG,lt2,S005,4.3094,0
v0106b,noabs,EMG,lt2,S006,1.8238,0
v0106b,noabs,EMG,lt2,S008,3.3177,0
v0106b,noabs,EMG,lt2,S009,6.779,1
v0106b,noabs,EMG,lt2,S010,4.7848,1
v0106b,noabs,EMG,lt2,S011,2.1745,0
v0106b,noabs,EMG,lt2,S012,3.0806,0
v0106b,noabs,EMG,lt2,S013,4.6305,1
v0106b,noabs,EMG,lt2,S014,3.3089,0
v0106b,noabs,EMG,lt2,S015,5.5173,0
v0106b,noabs,EMG,lt2,S016,1.8533,0
v0106b,noabs,EMG,lt2,S017,4.0984,1
v0106b,noabs,EMG,lt2,S018,7.4793,0
v0106b,noabs,EMG,lt2,S019,5.3751,1
v0106b,with_abs,NIRS,lt2,S001,4.2471,0
v0106b,with_abs,NIRS,lt2,S002,2.7259,0
v0106b,with_abs,NIRS,lt2,S003,5.1463,1
v0106b,with_abs,NIRS,lt2,S004,2.3623,0
v0106b,with_abs,NIRS,lt2,S005,5.9264,0
v0106b,with_abs,NIRS,lt2,S006,2.6042,0
v0106b,with_abs,NIRS,lt2,S008,1.7889,0
v0106b,with_abs,NIRS,lt2,S009,8.1077,1
v0106b,with_abs,NIRS,lt2,S010,6.2086,1
v0106b,with_abs,NIRS,lt2,S011,2.9157,0
v0106b,with_abs,NIRS,lt2,S012,2.504,0
v0106b,with_abs,NIRS,lt2,S013,4.5104,1
v0106b,with_abs,NIRS,lt2,S014,3.5676,0
v0106b,with_abs,NIRS,lt2,S015,4.8687,0
v0106b,with_abs,NIRS,lt2,S016,4.2398,0
v0106b,with_abs,NIRS,lt2,S017,4.739,1
v0106b,with_abs,NIRS,lt2,S018,2.1788,0
v0106b,with_abs,NIRS,lt2,S019,6.256,1
v0106b,noabs,NIRS,lt2,S001,4.9089,0
v0106b,noabs,NIRS,lt2,S002,2.5775,0
v0106b,noabs,NIRS,lt2,S003,5.7772,1
v0106b,noabs,NIRS,lt2,S004,2.6385,0
v0106b,noabs,NIRS,lt2,S005,4.6688,0
v0106b,noabs,NIRS,lt2,S006,2.8475,0
v0106b,noabs,NIRS,lt2,S008,2.2441,0
v0106b,noabs,NIRS,lt2,S009,7.9627,1
v0106b,noabs,NIRS,lt2,S010,6.487,1
v0106b,noabs,NIRS,lt2,S011,3.0378,0
v0106b,noabs,NIRS,lt2,S012,2.4696,0
v0106b,noabs,NIRS,lt2,S013,4.5065,1
v0106b,noabs,NIRS,lt2,S014,4.309,0
v0106b,noabs,NIRS,lt2,S015,4.842,0
v0106b,noabs,NIRS,lt2,S016,4.2202,0
v0106b,noabs,NIRS,lt2,S017,5.0293,1
v0106b,noabs,NIRS,lt2,S018,2.4582,0
v0106b,noabs,NIRS,lt2,S019,6.4083,1
v0106b,with_abs,EMG+NIRS,lt2,S001,3.9548,0
v0106b,with_abs,EMG+NIRS,lt2,S002,3.7866,0
v0106b,with_abs,EMG+NIRS,lt2,S003,3.4473,1
v0106b,with_abs,EMG+NIRS,lt2,S004,4.3972,0
v0106b,with_abs,EMG+NIRS,lt2,S005,4.7583,0
v0106b,with_abs,EMG+NIRS,lt2,S006,1.8351,0
v0106b,with_abs,EMG+NIRS,lt2,S008,2.1583,0
v0106b,with_abs,EMG+NIRS,lt2,S009,6.0987,1
v0106b,with_abs,EMG+NIRS,lt2,S010,3.902,1
v0106b,with_abs,EMG+NIRS,lt2,S011,2.1386,0
v0106b,with_abs,EMG+NIRS,lt2,S012,2.4741,0
v0106b,with_abs,EMG+NIRS,lt2,S013,3.903,1
v0106b,with_abs,EMG+NIRS,lt2,S014,2.9752,0
v0106b,with_abs,EMG+NIRS,lt2,S015,4.0641,0
v0106b,with_abs,EMG+NIRS,lt2,S016,4.2654,0
v0106b,with_abs,EMG+NIRS,lt2,S017,3.8779,1
v0106b,with_abs,EMG+NIRS,lt2,S018,6.6685,0
v0106b,with_abs,EMG+NIRS,lt2,S019,5.3929,1
v0106b,noabs,EMG+NIRS,lt2,S001,4.0734,0
v0106b,noabs,EMG+NIRS,lt2,S002,3.4261,0
v0106b,noabs,EMG+NIRS,lt2,S003,3.2228,1
v0106b,noabs,EMG+NIRS,lt2,S004,4.3491,0
v0106b,noabs,EMG+NIRS,lt2,S005,4.8956,0
v0106b,noabs,EMG+NIRS,lt2,S006,2.33,0
v0106b,noabs,EMG+NIRS,lt2,S008,2.5781,0
v0106b,noabs,EMG+NIRS,lt2,S009,6.4006,1
v0106b,noabs,EMG+NIRS,lt2,S010,4.3015,1
v0106b,noabs,EMG+NIRS,lt2,S011,2.0178,0
v0106b,noabs,EMG+NIRS,lt2,S012,2.3087,0
v0106b,noabs,EMG+NIRS,lt2,S013,3.8598,1
v0106b,noabs,EMG+NIRS,lt2,S014,3.304,0
v0106b,noabs,EMG+NIRS,lt2,S015,3.9331,0
v0106b,noabs,EMG+NIRS,lt2,S016,3.6286,0
v0106b,noabs,EMG+NIRS,lt2,S017,3.5761,1
v0106b,noabs,EMG+NIRS,lt2,S018,6.3629,0
v0106b,noabs,EMG+NIRS,lt2,S019,5.1956,1
v0106b,with_abs,EMG+NIRS+HRV,lt2,S001,3.9134,0
v0106b,with_abs,EMG+NIRS+HRV,lt2,S002,3.3002,0
v0106b,with_abs,EMG+NIRS+HRV,lt2,S003,3.792,1
v0106b,with_abs,EMG+NIRS+HRV,lt2,S004,4.7882,0
v0106b,with_abs,EMG+NIRS+HRV,lt2,S005,4.7549,0
v0106b,with_abs,EMG+NIRS+HRV,lt2,S006,1.603,0
v0106b,with_abs,EMG+NIRS+HRV,lt2,S008,2.1228,0
v0106b,with_abs,EMG+NIRS+HRV,lt2,S009,4.3219,1
v0106b,with_abs,EMG+NIRS+HRV,lt2,S010,3.9888,1
v0106b,with_abs,EMG+NIRS+HRV,lt2,S011,2.0116,0
v0106b,with_abs,EMG+NIRS+HRV,lt2,S012,2.4944,0
v0106b,with_abs,EMG+NIRS+HRV,lt2,S013,3.29,1
v0106b,with_abs,EMG+NIRS+HRV,lt2,S014,3.2815,0
v0106b,with_abs,EMG+NIRS+HRV,lt2,S015,3.4967,0
v0106b,with_abs,EMG+NIRS+HRV,lt2,S016,4.329,0
v0106b,with_abs,EMG+NIRS+HRV,lt2,S017,3.5897,1
v0106b,with_abs,EMG+NIRS+HRV,lt2,S018,2.2019,0
v0106b,with_abs,EMG+NIRS+HRV,lt2,S019,4.5156,1
v0106b,noabs,EMG+NIRS+HRV,lt2,S001,4.3262,0
v0106b,noabs,EMG+NIRS+HRV,lt2,S002,3.5516,0
v0106b,noabs,EMG+NIRS+HRV,lt2,S003,3.4863,1
v0106b,noabs,EMG+NIRS+HRV,lt2,S004,5.1643,0
v0106b,noabs,EMG+NIRS+HRV,lt2,S005,4.8861,0
v0106b,noabs,EMG+NIRS+HRV,lt2,S006,1.8075,0
v0106b,noabs,EMG+NIRS+HRV,lt2,S008,2.3787,0
v0106b,noabs,EMG+NIRS+HRV,lt2,S009,4.6694,1
v0106b,noabs,EMG+NIRS+HRV,lt2,S010,3.9033,1
v0106b,noabs,EMG+NIRS+HRV,lt2,S011,1.7165,0
v0106b,noabs,EMG+NIRS+HRV,lt2,S012,2.4218,0
v0106b,noabs,EMG+NIRS+HRV,lt2,S013,3.5412,1
v0106b,noabs,EMG+NIRS+HRV,lt2,S014,2.6234,0
v0106b,noabs,EMG+NIRS+HRV,lt2,S015,3.9308,0
v0106b,noabs,EMG+NIRS+HRV,lt2,S016,3.7833,0
v0106b,noabs,EMG+NIRS+HRV,lt2,S017,3.2476,1
v0106b,noabs,EMG+NIRS+HRV,lt2,S018,2.3893,0
v0106b,noabs,EMG+NIRS+HRV,lt2,S019,4.5578,1
v0106c,with_abs,EMG,lt1,S002,3.2726,0
v0106c,with_abs,EMG,lt1,S003,6.8396,1
v0106c,with_abs,EMG,lt1,S004,4.2943,0
v0106c,with_abs,EMG,lt1,S006,2.8529,0
v0106c,with_abs,EMG,lt1,S008,4.0397,0
v0106c,with_abs,EMG,lt1,S009,7.8154,1
v0106c,with_abs,EMG,lt1,S010,6.7905,1
v0106c,with_abs,EMG,lt1,S011,3.5738,0
v0106c,with_abs,EMG,lt1,S013,5.5134,1
v0106c,with_abs,EMG,lt1,S014,4.4017,0
v0106c,with_abs,EMG,lt1,S016,3.6318,0
v0106c,with_abs,EMG,lt1,S017,4.4307,1
v0106c,with_abs,EMG,lt1,S018,4.5389,0
v0106c,with_abs,EMG,lt1,S019,7.2776,1
v0106c,noabs,EMG,lt1,S002,3.2874,0
v0106c,noabs,EMG,lt1,S003,6.8161,1
v0106c,noabs,EMG,lt1,S004,4.398,0
v0106c,noabs,EMG,lt1,S006,2.8398,0
v0106c,noabs,EMG,lt1,S008,4.0836,0
v0106c,noabs,EMG,lt1,S009,7.8203,1
v0106c,noabs,EMG,lt1,S010,6.7917,1
v0106c,noabs,EMG,lt1,S011,3.5928,0
v0106c,noabs,EMG,lt1,S013,5.4983,1
v0106c,noabs,EMG,lt1,S014,4.4106,0
v0106c,noabs,EMG,lt1,S016,3.6422,0
v0106c,noabs,EMG,lt1,S017,4.4133,1
v0106c,noabs,EMG,lt1,S018,4.5525,0
v0106c,noabs,EMG,lt1,S019,7.2608,1
v0106c,with_abs,NIRS,lt1,S002,3.212,0
v0106c,with_abs,NIRS,lt1,S003,6.9814,1
v0106c,with_abs,NIRS,lt1,S004,4.2869,0
v0106c,with_abs,NIRS,lt1,S006,3.0744,0
v0106c,with_abs,NIRS,lt1,S008,4.2222,0
v0106c,with_abs,NIRS,lt1,S009,7.8286,1
v0106c,with_abs,NIRS,lt1,S010,7.0801,1
v0106c,with_abs,NIRS,lt1,S011,3.8126,0
v0106c,with_abs,NIRS,lt1,S013,5.7226,1
v0106c,with_abs,NIRS,lt1,S014,4.6243,0
v0106c,with_abs,NIRS,lt1,S016,3.9197,0
v0106c,with_abs,NIRS,lt1,S017,4.6941,1
v0106c,with_abs,NIRS,lt1,S018,4.5292,0
v0106c,with_abs,NIRS,lt1,S019,7.4618,1
v0106c,noabs,NIRS,lt1,S002,3.1518,0
v0106c,noabs,NIRS,lt1,S003,7.014,1
v0106c,noabs,NIRS,lt1,S004,4.305,0
v0106c,noabs,NIRS,lt1,S006,2.8586,0
v0106c,noabs,NIRS,lt1,S008,4.482,0
v0106c,noabs,NIRS,lt1,S009,7.9035,1
v0106c,noabs,NIRS,lt1,S010,7.0463,1
v0106c,noabs,NIRS,lt1,S011,3.7129,0
v0106c,noabs,NIRS,lt1,S013,5.6705,1
v0106c,noabs,NIRS,lt1,S014,4.5095,0
v0106c,noabs,NIRS,lt1,S016,3.9154,0
v0106c,noabs,NIRS,lt1,S017,4.6526,1
v0106c,noabs,NIRS,lt1,S018,4.5362,0
v0106c,noabs,NIRS,lt1,S019,7.4359,1
v0106c,with_abs,EMG+NIRS,lt1,S002,3.1997,0
v0106c,with_abs,EMG+NIRS,lt1,S003,6.8843,1
v0106c,with_abs,EMG+NIRS,lt1,S004,4.3882,0
v0106c,with_abs,EMG+NIRS,lt1,S006,2.9643,0
v0106c,with_abs,EMG+NIRS,lt1,S008,4.0597,0
v0106c,with_abs,EMG+NIRS,lt1,S009,7.7764,1
v0106c,with_abs,EMG+NIRS,lt1,S010,6.8422,1
v0106c,with_abs,EMG+NIRS,lt1,S011,3.5489,0
v0106c,with_abs,EMG+NIRS,lt1,S013,5.53,1
v0106c,with_abs,EMG+NIRS,lt1,S014,4.4439,0
v0106c,with_abs,EMG+NIRS,lt1,S016,3.6927,0
v0106c,with_abs,EMG+NIRS,lt1,S017,4.4761,1
v0106c,with_abs,EMG+NIRS,lt1,S018,4.2911,0
v0106c,with_abs,EMG+NIRS,lt1,S019,7.3221,1
v0106c,noabs,EMG+NIRS,lt1,S002,3.2528,0
v0106c,noabs,EMG+NIRS,lt1,S003,6.897,1
v0106c,noabs,EMG+NIRS,lt1,S004,4.4747,0
v0106c,noabs,EMG+NIRS,lt1,S006,2.8906,0
v0106c,noabs,EMG+NIRS,lt1,S008,4.0737,0
v0106c,noabs,EMG+NIRS,lt1,S009,7.8267,1
v0106c,noabs,EMG+NIRS,lt1,S010,6.8312,1
v0106c,noabs,EMG+NIRS,lt1,S011,3.5509,0
v0106c,noabs,EMG+NIRS,lt1,S013,5.5566,1
v0106c,noabs,EMG+NIRS,lt1,S014,4.4203,0
v0106c,noabs,EMG+NIRS,lt1,S016,3.6333,0
v0106c,noabs,EMG+NIRS,lt1,S017,4.4839,1
v0106c,noabs,EMG+NIRS,lt1,S018,4.4208,0
v0106c,noabs,EMG+NIRS,lt1,S019,7.294,1
v0106c,with_abs,EMG+NIRS+HRV,lt1,S002,3.1698,0
v0106c,with_abs,EMG+NIRS+HRV,lt1,S003,6.9292,1
v0106c,with_abs,EMG+NIRS+HRV,lt1,S004,4.1439,0
v0106c,with_abs,EMG+NIRS+HRV,lt1,S006,2.8359,0
v0106c,with_abs,EMG+NIRS+HRV,lt1,S008,4.0716,0
v0106c,with_abs,EMG+NIRS+HRV,lt1,S009,7.8575,1
v0106c,with_abs,EMG+NIRS+HRV,lt1,S010,6.7792,1
v0106c,with_abs,EMG+NIRS+HRV,lt1,S011,3.5594,0
v0106c,with_abs,EMG+NIRS+HRV,lt1,S013,5.5478,1
v0106c,with_abs,EMG+NIRS+HRV,lt1,S014,4.3304,0
v0106c,with_abs,EMG+NIRS+HRV,lt1,S016,3.5664,0
v0106c,with_abs,EMG+NIRS+HRV,lt1,S017,4.396,1
v0106c,with_abs,EMG+NIRS+HRV,lt1,S018,4.181,0
v0106c,with_abs,EMG+NIRS+HRV,lt1,S019,7.2428,1
v0106c,noabs,EMG+NIRS+HRV,lt1,S002,3.1676,0
v0106c,noabs,EMG+NIRS+HRV,lt1,S003,6.9329,1
v0106c,noabs,EMG+NIRS+HRV,lt1,S004,4.2706,0
v0106c,noabs,EMG+NIRS+HRV,lt1,S006,2.8718,0
v0106c,noabs,EMG+NIRS+HRV,lt1,S008,4.0817,0
v0106c,noabs,EMG+NIRS+HRV,lt1,S009,7.8692,1
v0106c,noabs,EMG+NIRS+HRV,lt1,S010,6.8017,1
v0106c,noabs,EMG+NIRS+HRV,lt1,S011,3.543,0
v0106c,noabs,EMG+NIRS+HRV,lt1,S013,5.5611,1
v0106c,noabs,EMG+NIRS+HRV,lt1,S014,4.3451,0
v0106c,noabs,EMG+NIRS+HRV,lt1,S016,3.6003,0
v0106c,noabs,EMG+NIRS+HRV,lt1,S017,4.3885,1
v0106c,noabs,EMG+NIRS+HRV,lt1,S018,4.1775,0
v0106c,noabs,EMG+NIRS+HRV,lt1,S019,7.2795,1
v0106c,with_abs,EMG,lt2,S001,4.808,0
v0106c,with_abs,EMG,lt2,S002,3.9175,0
v0106c,with_abs,EMG,lt2,S003,6.7449,1
v0106c,with_abs,EMG,lt2,S004,3.7026,0
v0106c,with_abs,EMG,lt2,S005,4.9771,0
v0106c,with_abs,EMG,lt2,S006,2.8148,0
v0106c,with_abs,EMG,lt2,S008,3.9772,0
v0106c,with_abs,EMG,lt2,S009,9.1648,1
v0106c,with_abs,EMG,lt2,S010,7.778,1
v0106c,with_abs,EMG,lt2,S011,3.5898,0
v0106c,with_abs,EMG,lt2,S012,3.1249,0
v0106c,with_abs,EMG,lt2,S013,5.8906,1
v0106c,with_abs,EMG,lt2,S014,4.4433,0
v0106c,with_abs,EMG,lt2,S015,3.1843,0
v0106c,with_abs,EMG,lt2,S016,3.7104,0
v0106c,with_abs,EMG,lt2,S017,5.2408,1
v0106c,with_abs,EMG,lt2,S018,5.1172,0
v0106c,with_abs,EMG,lt2,S019,7.3405,1
v0106c,noabs,EMG,lt2,S001,4.7383,0
v0106c,noabs,EMG,lt2,S002,3.841,0
v0106c,noabs,EMG,lt2,S003,6.7361,1
v0106c,noabs,EMG,lt2,S004,3.6593,0
v0106c,noabs,EMG,lt2,S005,5.0127,0
v0106c,noabs,EMG,lt2,S006,2.7947,0
v0106c,noabs,EMG,lt2,S008,3.993,0
v0106c,noabs,EMG,lt2,S009,9.1246,1
v0106c,noabs,EMG,lt2,S010,7.7652,1
v0106c,noabs,EMG,lt2,S011,3.6631,0
v0106c,noabs,EMG,lt2,S012,3.1215,0
v0106c,noabs,EMG,lt2,S013,5.8699,1
v0106c,noabs,EMG,lt2,S014,4.4251,0
v0106c,noabs,EMG,lt2,S015,3.177,0
v0106c,noabs,EMG,lt2,S016,3.7311,0
v0106c,noabs,EMG,lt2,S017,5.237,1
v0106c,noabs,EMG,lt2,S018,5.1572,0
v0106c,noabs,EMG,lt2,S019,7.335,1
v0106c,with_abs,NIRS,lt2,S001,4.9113,0
v0106c,with_abs,NIRS,lt2,S002,4.0688,0
v0106c,with_abs,NIRS,lt2,S003,6.9968,1
v0106c,with_abs,NIRS,lt2,S004,3.6119,0
v0106c,with_abs,NIRS,lt2,S005,5.1504,0
v0106c,with_abs,NIRS,lt2,S006,2.8955,0
v0106c,with_abs,NIRS,lt2,S008,3.9968,0
v0106c,with_abs,NIRS,lt2,S009,9.5091,1
v0106c,with_abs,NIRS,lt2,S010,8.0206,1
v0106c,with_abs,NIRS,lt2,S011,3.7648,0
v0106c,with_abs,NIRS,lt2,S012,3.2291,0
v0106c,with_abs,NIRS,lt2,S013,6.0328,1
v0106c,with_abs,NIRS,lt2,S014,4.552,0
v0106c,with_abs,NIRS,lt2,S015,3.16,0
v0106c,with_abs,NIRS,lt2,S016,4.0855,0
v0106c,with_abs,NIRS,lt2,S017,5.3631,1
v0106c,with_abs,NIRS,lt2,S018,5.1823,0
v0106c,with_abs,NIRS,lt2,S019,7.572,1
v0106c,noabs,NIRS,lt2,S001,4.796,0
v0106c,noabs,NIRS,lt2,S002,3.9692,0
v0106c,noabs,NIRS,lt2,S003,6.9649,1
v0106c,noabs,NIRS,lt2,S004,3.6155,0
v0106c,noabs,NIRS,lt2,S005,5.015,0
v0106c,noabs,NIRS,lt2,S006,2.8437,0
v0106c,noabs,NIRS,lt2,S008,4.1814,0
v0106c,noabs,NIRS,lt2,S009,9.322,1
v0106c,noabs,NIRS,lt2,S010,8.0842,1
v0106c,noabs,NIRS,lt2,S011,3.6383,0
v0106c,noabs,NIRS,lt2,S012,3.2169,0
v0106c,noabs,NIRS,lt2,S013,6.1115,1
v0106c,noabs,NIRS,lt2,S014,4.4946,0
v0106c,noabs,NIRS,lt2,S015,3.1001,0
v0106c,noabs,NIRS,lt2,S016,4.0694,0
v0106c,noabs,NIRS,lt2,S017,5.3228,1
v0106c,noabs,NIRS,lt2,S018,5.2662,0
v0106c,noabs,NIRS,lt2,S019,7.6198,1
v0106c,with_abs,EMG+NIRS,lt2,S001,4.7125,0
v0106c,with_abs,EMG+NIRS,lt2,S002,3.7811,0
v0106c,with_abs,EMG+NIRS,lt2,S003,6.7922,1
v0106c,with_abs,EMG+NIRS,lt2,S004,3.5583,0
v0106c,with_abs,EMG+NIRS,lt2,S005,5.0437,0
v0106c,with_abs,EMG+NIRS,lt2,S006,2.8385,0
v0106c,with_abs,EMG+NIRS,lt2,S008,3.9214,0
v0106c,with_abs,EMG+NIRS,lt2,S009,9.1889,1
v0106c,with_abs,EMG+NIRS,lt2,S010,7.7596,1
v0106c,with_abs,EMG+NIRS,lt2,S011,3.5863,0
v0106c,with_abs,EMG+NIRS,lt2,S012,3.0757,0
v0106c,with_abs,EMG+NIRS,lt2,S013,5.8875,1
v0106c,with_abs,EMG+NIRS,lt2,S014,4.3653,0
v0106c,with_abs,EMG+NIRS,lt2,S015,3.1848,0
v0106c,with_abs,EMG+NIRS,lt2,S016,3.7889,0
v0106c,with_abs,EMG+NIRS,lt2,S017,5.172,1
v0106c,with_abs,EMG+NIRS,lt2,S018,4.9782,0
v0106c,with_abs,EMG+NIRS,lt2,S019,7.3631,1
v0106c,noabs,EMG+NIRS,lt2,S001,4.7545,0
v0106c,noabs,EMG+NIRS,lt2,S002,3.7593,0
v0106c,noabs,EMG+NIRS,lt2,S003,6.7605,1
v0106c,noabs,EMG+NIRS,lt2,S004,3.5737,0
v0106c,noabs,EMG+NIRS,lt2,S005,5.0295,0
v0106c,noabs,EMG+NIRS,lt2,S006,2.8568,0
v0106c,noabs,EMG+NIRS,lt2,S008,3.9773,0
v0106c,noabs,EMG+NIRS,lt2,S009,9.1616,1
v0106c,noabs,EMG+NIRS,lt2,S010,7.7702,1
v0106c,noabs,EMG+NIRS,lt2,S011,3.6022,0
v0106c,noabs,EMG+NIRS,lt2,S012,3.093,0
v0106c,noabs,EMG+NIRS,lt2,S013,5.8724,1
v0106c,noabs,EMG+NIRS,lt2,S014,4.386,0
v0106c,noabs,EMG+NIRS,lt2,S015,3.1846,0
v0106c,noabs,EMG+NIRS,lt2,S016,3.7398,0
v0106c,noabs,EMG+NIRS,lt2,S017,5.1671,1
v0106c,noabs,EMG+NIRS,lt2,S018,5.1748,0
v0106c,noabs,EMG+NIRS,lt2,S019,7.3615,1
v0106c,with_abs,EMG+NIRS+HRV,lt2,S001,4.6656,0
v0106c,with_abs,EMG+NIRS+HRV,lt2,S002,3.7975,0
v0106c,with_abs,EMG+NIRS+HRV,lt2,S003,6.8405,1
v0106c,with_abs,EMG+NIRS+HRV,lt2,S004,3.5532,0
v0106c,with_abs,EMG+NIRS+HRV,lt2,S005,5.0367,0
v0106c,with_abs,EMG+NIRS+HRV,lt2,S006,2.7949,0
v0106c,with_abs,EMG+NIRS+HRV,lt2,S008,3.9557,0
v0106c,with_abs,EMG+NIRS+HRV,lt2,S009,9.0617,1
v0106c,with_abs,EMG+NIRS+HRV,lt2,S010,7.7203,1
v0106c,with_abs,EMG+NIRS+HRV,lt2,S011,3.5629,0
v0106c,with_abs,EMG+NIRS+HRV,lt2,S012,3.0883,0
v0106c,with_abs,EMG+NIRS+HRV,lt2,S013,5.8649,1
v0106c,with_abs,EMG+NIRS+HRV,lt2,S014,4.3755,0
v0106c,with_abs,EMG+NIRS+HRV,lt2,S015,3.1285,0
v0106c,with_abs,EMG+NIRS+HRV,lt2,S016,3.7883,0
v0106c,with_abs,EMG+NIRS+HRV,lt2,S017,5.1017,1
v0106c,with_abs,EMG+NIRS+HRV,lt2,S018,4.7796,0
v0106c,with_abs,EMG+NIRS+HRV,lt2,S019,7.3091,1
v0106c,noabs,EMG+NIRS+HRV,lt2,S001,4.7149,0
v0106c,noabs,EMG+NIRS+HRV,lt2,S002,3.8007,0
v0106c,noabs,EMG+NIRS+HRV,lt2,S003,6.8228,1
v0106c,noabs,EMG+NIRS+HRV,lt2,S004,3.5013,0
v0106c,noabs,EMG+NIRS+HRV,lt2,S005,5.0586,0
v0106c,noabs,EMG+NIRS+HRV,lt2,S006,2.8089,0
v0106c,noabs,EMG+NIRS+HRV,lt2,S008,3.9408,0
v0106c,noabs,EMG+NIRS+HRV,lt2,S009,9.1196,1
v0106c,noabs,EMG+NIRS+HRV,lt2,S010,7.7287,1
v0106c,noabs,EMG+NIRS+HRV,lt2,S011,3.5712,0
v0106c,noabs,EMG+NIRS+HRV,lt2,S012,3.1117,0
v0106c,noabs,EMG+NIRS+HRV,lt2,S013,5.8639,1
v0106c,noabs,EMG+NIRS+HRV,lt2,S014,4.3986,0
v0106c,noabs,EMG+NIRS+HRV,lt2,S015,3.179,0
v0106c,noabs,EMG+NIRS+HRV,lt2,S016,3.7661,0
v0106c,noabs,EMG+NIRS+HRV,lt2,S017,5.1209,1
v0106c,noabs,EMG+NIRS+HRV,lt2,S018,4.7876,0
v0106c,noabs,EMG+NIRS+HRV,lt2,S019,7.3274,1
v0107,with_abs,EMG,lt1,S002,3.6633,0
v0107,with_abs,EMG,lt1,S003,3.4247,1
v0107,with_abs,EMG,lt1,S004,3.8155,0
v0107,with_abs,EMG,lt1,S006,2.8516,0
v0107,with_abs,EMG,lt1,S008,1.949,0
v0107,with_abs,EMG,lt1,S009,5.7831,1
v0107,with_abs,EMG,lt1,S010,2.9938,1
v0107,with_abs,EMG,lt1,S011,2.437,0
v0107,with_abs,EMG,lt1,S013,1.757,1
v0107,with_abs,EMG,lt1,S014,2.6239,0
v0107,with_abs,EMG,lt1,S016,2.4687,0
v0107,with_abs,EMG,lt1,S017,1.8479,1
v0107,with_abs,EMG,lt1,S018,2.1778,0
v0107,with_abs,EMG,lt1,S019,3.4676,1
v0107,noabs,EMG,lt1,S002,3.6615,0
v0107,noabs,EMG,lt1,S003,3.4149,1
v0107,noabs,EMG,lt1,S004,4.07,0
v0107,noabs,EMG,lt1,S006,2.8516,0
v0107,noabs,EMG,lt1,S008,1.9622,0
v0107,noabs,EMG,lt1,S009,5.765,1
v0107,noabs,EMG,lt1,S010,3.0443,1
v0107,noabs,EMG,lt1,S011,2.3535,0
v0107,noabs,EMG,lt1,S013,1.7862,1
v0107,noabs,EMG,lt1,S014,2.6385,0
v0107,noabs,EMG,lt1,S016,2.6185,0
v0107,noabs,EMG,lt1,S017,2.0171,1
v0107,noabs,EMG,lt1,S018,2.2041,0
v0107,noabs,EMG,lt1,S019,3.4544,1
v0107,with_abs,NIRS,lt1,S002,3.5602,0
v0107,with_abs,NIRS,lt1,S003,14.2729,1
v0107,with_abs,NIRS,lt1,S004,3.4698,0
v0107,with_abs,NIRS,lt1,S006,2.4924,0
v0107,with_abs,NIRS,lt1,S008,4.4264,0
v0107,with_abs,NIRS,lt1,S009,4.3527,1
v0107,with_abs,NIRS,lt1,S010,4.8419,1
v0107,with_abs,NIRS,lt1,S011,5.264,0
v0107,with_abs,NIRS,lt1,S013,2.617,1
v0107,with_abs,NIRS,lt1,S014,4.0747,0
v0107,with_abs,NIRS,lt1,S016,4.9291,0
v0107,with_abs,NIRS,lt1,S017,2.9379,1
v0107,with_abs,NIRS,lt1,S018,6.4154,0
v0107,with_abs,NIRS,lt1,S019,5.4511,1
v0107,noabs,NIRS,lt1,S002,4.3557,0
v0107,noabs,NIRS,lt1,S003,8.3962,1
v0107,noabs,NIRS,lt1,S004,1.7407,0
v0107,noabs,NIRS,lt1,S006,1.8582,0
v0107,noabs,NIRS,lt1,S008,2.0628,0
v0107,noabs,NIRS,lt1,S009,4.2842,1
v0107,noabs,NIRS,lt1,S010,4.9906,1
v0107,noabs,NIRS,lt1,S011,3.2376,0
v0107,noabs,NIRS,lt1,S013,4.5588,1
v0107,noabs,NIRS,lt1,S014,4.7236,0
v0107,noabs,NIRS,lt1,S016,11.7766,0
v0107,noabs,NIRS,lt1,S017,3.1717,1
v0107,noabs,NIRS,lt1,S018,6.2834,0
v0107,noabs,NIRS,lt1,S019,5.785,1
v0107,with_abs,EMG+NIRS,lt1,S002,2.6989,0
v0107,with_abs,EMG+NIRS,lt1,S003,5.2913,1
v0107,with_abs,EMG+NIRS,lt1,S004,3.8875,0
v0107,with_abs,EMG+NIRS,lt1,S006,2.4607,0
v0107,with_abs,EMG+NIRS,lt1,S008,3.4382,0
v0107,with_abs,EMG+NIRS,lt1,S009,5.1384,1
v0107,with_abs,EMG+NIRS,lt1,S010,3.5147,1
v0107,with_abs,EMG+NIRS,lt1,S011,3.1994,0
v0107,with_abs,EMG+NIRS,lt1,S013,2.0098,1
v0107,with_abs,EMG+NIRS,lt1,S014,2.3757,0
v0107,with_abs,EMG+NIRS,lt1,S016,2.1401,0
v0107,with_abs,EMG+NIRS,lt1,S017,1.4644,1
v0107,with_abs,EMG+NIRS,lt1,S018,2.5059,0
v0107,with_abs,EMG+NIRS,lt1,S019,4.1699,1
v0107,noabs,EMG+NIRS,lt1,S002,3.4332,0
v0107,noabs,EMG+NIRS,lt1,S003,2.0486,1
v0107,noabs,EMG+NIRS,lt1,S004,3.9039,0
v0107,noabs,EMG+NIRS,lt1,S006,2.6082,0
v0107,noabs,EMG+NIRS,lt1,S008,2.85,0
v0107,noabs,EMG+NIRS,lt1,S009,5.3852,1
v0107,noabs,EMG+NIRS,lt1,S010,3.7083,1
v0107,noabs,EMG+NIRS,lt1,S011,2.2928,0
v0107,noabs,EMG+NIRS,lt1,S013,2.6348,1
v0107,noabs,EMG+NIRS,lt1,S014,2.0293,0
v0107,noabs,EMG+NIRS,lt1,S016,3.3348,0
v0107,noabs,EMG+NIRS,lt1,S017,1.9172,1
v0107,noabs,EMG+NIRS,lt1,S018,2.477,0
v0107,noabs,EMG+NIRS,lt1,S019,4.3523,1
v0107,with_abs,EMG+NIRS+HRV,lt1,S002,2.6858,0
v0107,with_abs,EMG+NIRS+HRV,lt1,S003,7.5064,1
v0107,with_abs,EMG+NIRS+HRV,lt1,S004,2.2818,0
v0107,with_abs,EMG+NIRS+HRV,lt1,S006,2.142,0
v0107,with_abs,EMG+NIRS+HRV,lt1,S008,3.0522,0
v0107,with_abs,EMG+NIRS+HRV,lt1,S009,3.5409,1
v0107,with_abs,EMG+NIRS+HRV,lt1,S010,2.8516,1
v0107,with_abs,EMG+NIRS+HRV,lt1,S011,2.0358,0
v0107,with_abs,EMG+NIRS+HRV,lt1,S013,1.7105,1
v0107,with_abs,EMG+NIRS+HRV,lt1,S014,1.6956,0
v0107,with_abs,EMG+NIRS+HRV,lt1,S016,2.0603,0
v0107,with_abs,EMG+NIRS+HRV,lt1,S017,1.3146,1
v0107,with_abs,EMG+NIRS+HRV,lt1,S018,2.8221,0
v0107,with_abs,EMG+NIRS+HRV,lt1,S019,2.8987,1
v0107,noabs,EMG+NIRS+HRV,lt1,S002,2.9256,0
v0107,noabs,EMG+NIRS+HRV,lt1,S003,2.999,1
v0107,noabs,EMG+NIRS+HRV,lt1,S004,3.3634,0
v0107,noabs,EMG+NIRS+HRV,lt1,S006,2.6602,0
v0107,noabs,EMG+NIRS+HRV,lt1,S008,3.3582,0
v0107,noabs,EMG+NIRS+HRV,lt1,S009,3.8023,1
v0107,noabs,EMG+NIRS+HRV,lt1,S010,3.1934,1
v0107,noabs,EMG+NIRS+HRV,lt1,S011,1.7261,0
v0107,noabs,EMG+NIRS+HRV,lt1,S013,2.1805,1
v0107,noabs,EMG+NIRS+HRV,lt1,S014,1.3881,0
v0107,noabs,EMG+NIRS+HRV,lt1,S016,2.5566,0
v0107,noabs,EMG+NIRS+HRV,lt1,S017,1.6253,1
v0107,noabs,EMG+NIRS+HRV,lt1,S018,3.2734,0
v0107,noabs,EMG+NIRS+HRV,lt1,S019,3.6278,1
v0107,with_abs,EMG,lt2,S001,3.7792,0
v0107,with_abs,EMG,lt2,S002,2.0322,0
v0107,with_abs,EMG,lt2,S003,4.0613,1
v0107,with_abs,EMG,lt2,S004,4.2237,0
v0107,with_abs,EMG,lt2,S005,4.8135,0
v0107,with_abs,EMG,lt2,S006,1.6807,0
v0107,with_abs,EMG,lt2,S008,1.8576,0
v0107,with_abs,EMG,lt2,S009,6.7756,1
v0107,with_abs,EMG,lt2,S010,3.7876,1
v0107,with_abs,EMG,lt2,S011,1.7036,0
v0107,with_abs,EMG,lt2,S012,3.3496,0
v0107,with_abs,EMG,lt2,S013,2.9774,1
v0107,with_abs,EMG,lt2,S014,2.6286,0
v0107,with_abs,EMG,lt2,S015,5.5008,0
v0107,with_abs,EMG,lt2,S016,1.1114,0
v0107,with_abs,EMG,lt2,S017,1.4801,1
v0107,with_abs,EMG,lt2,S018,5.0644,0
v0107,with_abs,EMG,lt2,S019,4.4581,1
v0107,noabs,EMG,lt2,S001,3.7253,0
v0107,noabs,EMG,lt2,S002,2.1267,0
v0107,noabs,EMG,lt2,S003,4.0328,1
v0107,noabs,EMG,lt2,S004,3.7166,0
v0107,noabs,EMG,lt2,S005,4.7343,0
v0107,noabs,EMG,lt2,S006,1.194,0
v0107,noabs,EMG,lt2,S008,2.2665,0
v0107,noabs,EMG,lt2,S009,6.7692,1
v0107,noabs,EMG,lt2,S010,3.7292,1
v0107,noabs,EMG,lt2,S011,1.5848,0
v0107,noabs,EMG,lt2,S012,3.138,0
v0107,noabs,EMG,lt2,S013,2.6366,1
v0107,noabs,EMG,lt2,S014,2.3855,0
v0107,noabs,EMG,lt2,S015,5.5997,0
v0107,noabs,EMG,lt2,S016,1.021,0
v0107,noabs,EMG,lt2,S017,1.8309,1
v0107,noabs,EMG,lt2,S018,5.4742,0
v0107,noabs,EMG,lt2,S019,4.2421,1
v0107,with_abs,NIRS,lt2,S001,5.746,0
v0107,with_abs,NIRS,lt2,S002,3.5747,0
v0107,with_abs,NIRS,lt2,S003,9.6178,1
v0107,with_abs,NIRS,lt2,S004,1.8232,0
v0107,with_abs,NIRS,lt2,S005,4.5468,0
v0107,with_abs,NIRS,lt2,S006,1.9356,0
v0107,with_abs,NIRS,lt2,S008,2.0593,0
v0107,with_abs,NIRS,lt2,S009,6.297,1
v0107,with_abs,NIRS,lt2,S010,5.0332,1
v0107,with_abs,NIRS,lt2,S011,4.459,0
v0107,with_abs,NIRS,lt2,S012,16.6092,0
v0107,with_abs,NIRS,lt2,S013,3.4112,1
v0107,with_abs,NIRS,lt2,S014,3.152,0
v0107,with_abs,NIRS,lt2,S015,6.7636,0
v0107,with_abs,NIRS,lt2,S016,6.7943,0
v0107,with_abs,NIRS,lt2,S017,3.6132,1
v0107,with_abs,NIRS,lt2,S018,2.1083,0
v0107,with_abs,NIRS,lt2,S019,5.9156,1
v0107,noabs,NIRS,lt2,S001,5.8776,0
v0107,noabs,NIRS,lt2,S002,2.2574,0
v0107,noabs,NIRS,lt2,S003,8.8568,1
v0107,noabs,NIRS,lt2,S004,2.0366,0
v0107,noabs,NIRS,lt2,S005,4.2236,0
v0107,noabs,NIRS,lt2,S006,1.8907,0
v0107,noabs,NIRS,lt2,S008,2.1034,0
v0107,noabs,NIRS,lt2,S009,5.4086,1
v0107,noabs,NIRS,lt2,S010,4.5413,1
v0107,noabs,NIRS,lt2,S011,3.3153,0
v0107,noabs,NIRS,lt2,S012,8.2645,0
v0107,noabs,NIRS,lt2,S013,3.6843,1
v0107,noabs,NIRS,lt2,S014,3.3804,0
v0107,noabs,NIRS,lt2,S015,8.43,0
v0107,noabs,NIRS,lt2,S016,3.6402,0
v0107,noabs,NIRS,lt2,S017,3.7047,1
v0107,noabs,NIRS,lt2,S018,1.7129,0
v0107,noabs,NIRS,lt2,S019,5.5786,1
v0107,with_abs,EMG+NIRS,lt2,S001,3.3561,0
v0107,with_abs,EMG+NIRS,lt2,S002,3.4569,0
v0107,with_abs,EMG+NIRS,lt2,S003,2.3873,1
v0107,with_abs,EMG+NIRS,lt2,S004,3.3295,0
v0107,with_abs,EMG+NIRS,lt2,S005,5.2598,0
v0107,with_abs,EMG+NIRS,lt2,S006,1.0429,0
v0107,with_abs,EMG+NIRS,lt2,S008,2.2842,0
v0107,with_abs,EMG+NIRS,lt2,S009,6.8907,1
v0107,with_abs,EMG+NIRS,lt2,S010,3.8279,1
v0107,with_abs,EMG+NIRS,lt2,S011,2.5242,0
v0107,with_abs,EMG+NIRS,lt2,S012,11.0806,0
v0107,with_abs,EMG+NIRS,lt2,S013,3.3817,1
v0107,with_abs,EMG+NIRS,lt2,S014,1.469,0
v0107,with_abs,EMG+NIRS,lt2,S015,4.9446,0
v0107,with_abs,EMG+NIRS,lt2,S016,3.4923,0
v0107,with_abs,EMG+NIRS,lt2,S017,1.9391,1
v0107,with_abs,EMG+NIRS,lt2,S018,3.8357,0
v0107,with_abs,EMG+NIRS,lt2,S019,5.021,1
v0107,noabs,EMG+NIRS,lt2,S001,3.323,0
v0107,noabs,EMG+NIRS,lt2,S002,2.1948,0
v0107,noabs,EMG+NIRS,lt2,S003,2.3158,1
v0107,noabs,EMG+NIRS,lt2,S004,3.3494,0
v0107,noabs,EMG+NIRS,lt2,S005,4.6953,0
v0107,noabs,EMG+NIRS,lt2,S006,1.5787,0
v0107,noabs,EMG+NIRS,lt2,S008,2.0448,0
v0107,noabs,EMG+NIRS,lt2,S009,5.9803,1
v0107,noabs,EMG+NIRS,lt2,S010,3.4358,1
v0107,noabs,EMG+NIRS,lt2,S011,1.9185,0
v0107,noabs,EMG+NIRS,lt2,S012,4.1452,0
v0107,noabs,EMG+NIRS,lt2,S013,2.8715,1
v0107,noabs,EMG+NIRS,lt2,S014,1.6672,0
v0107,noabs,EMG+NIRS,lt2,S015,4.9014,0
v0107,noabs,EMG+NIRS,lt2,S016,2.406,0
v0107,noabs,EMG+NIRS,lt2,S017,1.2106,1
v0107,noabs,EMG+NIRS,lt2,S018,4.4069,0
v0107,noabs,EMG+NIRS,lt2,S019,5.0969,1
v0107,with_abs,EMG+NIRS+HRV,lt2,S001,1.0366,0
v0107,with_abs,EMG+NIRS+HRV,lt2,S002,3.9953,0
v0107,with_abs,EMG+NIRS+HRV,lt2,S003,5.7128,1
v0107,with_abs,EMG+NIRS+HRV,lt2,S004,1.9596,0
v0107,with_abs,EMG+NIRS+HRV,lt2,S005,1.8368,0
v0107,with_abs,EMG+NIRS+HRV,lt2,S006,1.7477,0
v0107,with_abs,EMG+NIRS+HRV,lt2,S008,1.7385,0
v0107,with_abs,EMG+NIRS+HRV,lt2,S009,2.8525,1
v0107,with_abs,EMG+NIRS+HRV,lt2,S010,2.1218,1
v0107,with_abs,EMG+NIRS+HRV,lt2,S011,1.9281,0
v0107,with_abs,EMG+NIRS+HRV,lt2,S012,4.2292,0
v0107,with_abs,EMG+NIRS+HRV,lt2,S013,2.8669,1
v0107,with_abs,EMG+NIRS+HRV,lt2,S014,0.852,0
v0107,with_abs,EMG+NIRS+HRV,lt2,S015,3.4944,0
v0107,with_abs,EMG+NIRS+HRV,lt2,S016,3.0457,0
v0107,with_abs,EMG+NIRS+HRV,lt2,S017,2.0723,1
v0107,with_abs,EMG+NIRS+HRV,lt2,S018,3.6653,0
v0107,with_abs,EMG+NIRS+HRV,lt2,S019,2.4105,1
v0107,noabs,EMG+NIRS+HRV,lt2,S001,2.1542,0
v0107,noabs,EMG+NIRS+HRV,lt2,S002,2.6549,0
v0107,noabs,EMG+NIRS+HRV,lt2,S003,2.7431,1
v0107,noabs,EMG+NIRS+HRV,lt2,S004,2.448,0
v0107,noabs,EMG+NIRS+HRV,lt2,S005,3.5361,0
v0107,noabs,EMG+NIRS+HRV,lt2,S006,2.0877,0
v0107,noabs,EMG+NIRS+HRV,lt2,S008,2.4129,0
v0107,noabs,EMG+NIRS+HRV,lt2,S009,3.9379,1
v0107,noabs,EMG+NIRS+HRV,lt2,S010,2.9108,1
v0107,noabs,EMG+NIRS+HRV,lt2,S011,1.2582,0
v0107,noabs,EMG+NIRS+HRV,lt2,S012,2.9487,0
v0107,noabs,EMG+NIRS+HRV,lt2,S013,1.8537,1
v0107,noabs,EMG+NIRS+HRV,lt2,S014,1.0334,0
v0107,noabs,EMG+NIRS+HRV,lt2,S015,4.6528,0
v0107,noabs,EMG+NIRS+HRV,lt2,S016,2.4056,0
v0107,noabs,EMG+NIRS+HRV,lt2,S017,1.0572,1
v0107,noabs,EMG+NIRS+HRV,lt2,S018,2.3235,0
v0107,noabs,EMG+NIRS+HRV,lt2,S019,3.9358,1
